:020000040800F2
:1000000000070020F1020008A14A0008594A000830
:10001000814A0008594A0008794A0008F30200089A
:10002000F3020008F3020008F3020008B980000898
:10003000F3020008F3020008F3020008F3020008CC
:10004000F3020008F3020008F3020008F3020008BC
:10005000F3020008F3020008F3020008F3020008AC
:10006000F3020008F3020008F30200087D81000893
:10007000A5810008D1810008FD81000829820008BF
:10008000518200087D820008F30200080949000837
:10009000F302000819490008F3020008F3020008FF
:1000A000F3020008F3020008F3020008F30200085C
:1000B000F3020008F3020008F3020008F30200084C
:1000C000F3020008F3020008F3020008F30200083C
:1000D000F3020008F3020008F3020008F30200082C
:1000E000F3020008F3020008F3020008F30200081C
:1000F000F3020008F3020008F3020008A9820008D6
:10010000F3020008F302000801BD0008F302000832
:10011000F3020008F3020008F3020008F3020008EB
:10012000D5820008FD820008298300085583000855
:1001300081830008F3020008F3020008F3020008BC
:10014000F3020008F3020008F3020008F3020008BB
:10015000A9830008D583000801840008F302000881
:10016000F3020008F3020008F3020008F30200089B
:10017000F3020008CDB90008F3020008F3020008FA
:10018000F3020008F3020008F3020008F30200087B
:10019000F3020008F3020008F3020008F30200086B
:1001A000F3020008F3020008F3020008F30200085B
:1001B000F3020008F3020008F3020008F30200084B
:1001C000F3020008F3020008F3020008F30200083B
:1001D000F3020008B9B90008F3020008F3020008AE
:1001E000F3020008F3020008F3020008F30200081B
:1001F000F3020008F3020008F3020008F30200080B
:10020000F3020008F3020008F3020008F3020008FA
:10021000F3020008F3020008F3020008F3020008EA
:10022000F3020008F3020008F3020008F3020008DA
:10023000EDBC0008F3020008F3020008F302000816
:10024000F3020008F3020008F3020008F3020008BA
:10025000F3020008F3020008F3020008F3020008AA
:10026000F3020008F3020008F3020008F30200089A
:10027000F3020008F3020008F3020008F30200088A
:10028000F3020008F3020008F3020008F30200087A
:10029000F3020008F3020008F3020008F30200086A
:1002A000F3020008F3020008F3020008F30200085A
:1002B000F3020008F3020008F3020008F30200084A
:1002C000F3020008F3020008F3020008F30200083A
:1002D000F3020008F3020008F3020008F30200082A
:0402E000612300088E
:1002F00002E000F000F8FEE772B6374880F30888A5
:10030000364880F3098836483649086040F20000D4
:10031000CCF200004EF63471CEF200010860BFF35B
:100320004F8FBFF36F8F40F20000C0F2F0004EF627
:100330008851CEF200010860BFF34F8FBFF36F8F7B
:100340004FF00000E1EE100A4EF63C71CEF20001D3
:100350000860062080F31488BFF36F8F0AF0AEFDAB
:1003600009F0E0FE4FF055301F491B4A91423CBF57
:1003700041F8040BFAE71D49184A91423CBF41F885
:10038000040BFAE71A491B4A1B4B9A423EBF51F82D
:10039000040B42F8040BF8E700201849184A914270
:1003A0003CBF41F8040BFAE70AF0C6FD09F03CFF38
:1003B000144C154DAC4203DA54F8041B8847F9E796
:1003C00000F060FE114C124DAC4203DA54F8041BED
:1003D0008847F9E70AF0AEBD00070020002300209F
:1003E0000000000808ED00E00001002000070020E8
:1003F000D8CF0008002300206C23002070230020A9
:10040000D8840020E0020008E4020008E4020008AA
:10041000E40200082DE9F04F2DED108AC1F80CD050
:10042000D0F80CD0BDEC108ABDE8F08F002383F328
:1004300011882846A047002009F058FCFEE709F083
:1004400099FB00DFFEE7000053B94AB9002908BF55
:1004500000281CBF4FF0FF314FF0FF3000F06AB9A9
:10046000ADF1080C6DE904CE00F006F8DDF804E00B
:10047000DDE9022304B070472DE9F047089D0E46E0
:1004800004460F46002B4AD194468C45B2FA82F2BC
:1004900060D942B1C2F12003974020FA03F30CFA6D
:1004A00002FC1F4394404FEA1C4E1FFA8CF6B7FB28
:1004B000FEF1230C0EFB117743EA074301FB06F024
:1004C00098420AD91CEB030301F1FF3780F0158134
:1004D000984240F21281023963441B1AA4B2B3FB62
:1004E000FEF00EFB103344EA034400FB06F6A6427E
:1004F0000AD91CEB040400F1FF3380F00081A6420E
:1005000040F2FD806444023840EA0140A41B00210F
:100510001DB1D4400023C5E90043BDE8F0878B42FC
:1005200005D90DB1C5E9000100210846F5E7B3FA88
:1005300083F1002946D1B34202D3824200F2F58012
:10054000841A66EB030201201746002DE5D0C5E9A9
:100550000047E2E7002A40F09380A1EB0C034FEA4A
:100560001C471FFA8CFE0121B3FBF7F607FB163080
:10057000230C43EA00430EFB06F0984208D91CEB1B
:10058000030306F1FF3802D2984200F2D0804646BB
:100590001B1AA4B2B3FBF7F007FB103344EA034481
:1005A0000EFB00FEA64508D91CEB040400F1FF3346
:1005B00002D2A64500F2B6801846A4EB0E0440EA2B
:1005C0000640A5E7C1F120078B4022FA07FC4CEA60
:1005D000030C06FA01FE20FA07F426FA07F344EAB0
:1005E0000E0400FA01F84FEA1C404FEA1449B3FB2D
:1005F000F0FE1FFA8CF600FB1E3349EA03430EFBA4
:1006000006F9994502FA01F20BD91CEB03030EF12E
:10061000FF3A80F08580994540F28280AEF1020E6B
:100620006344A3EB0909A4B2B9FBF0F300FB1399EF
:1006300044EA094403FB06F6A64208D91CEB04046D
:1006400003F1FF3068D2A64266D9023B644443EA14
:100650000E40A41BA0FB02E6B4427346B14652D33F
:100660004FD05DB1B8EB030264EB090404FA07F75D
:1006700022FA01F31F43CC40C5E9007400214CE786
:10068000C2F1200120FA01F30CFA02FC26FA01F172
:10069000964033434FEA1C471FFA8CFEB1FBF7F03C
:1006A00007FB1016190C41EA064100FB0EF68E42BC
:1006B00004FA02F408D91CEB010100F1FF382DD235
:1006C0008E422BD902386144891B9BB2B1FBF7F6ED
:1006D00007FB161143EA014306FB0EF1994208D9C4
:1006E0001CEB030306F1FF3814D2994212D9023EE3
:1006F00063445B1A46EA004136E73946EDE61846A0
:1007000002E7F045ADD2BEEB020366EB0C06013802
:10071000B146A6E74646ECE7034698E74046D3E7EE
:10072000D6467EE76444023847E708460DE7023EB6
:1007300063442DE7704700BF11F0FF01034600F04E
:10074000030239D08ABB026810B501EB012E0EEB13
:100750000E4E8EEA0204A2F1013323EA0203A4F151
:10076000013222EA0402134313F0803F0FD150F804
:10077000044F84EA0E0CA4F10133ACF1013223EAF8
:10078000040322EA0C02134313F0803FEFD00378F6
:1007900023B936E010F8013F002B32D09942F9D14D
:1007A00010BD8A4228D09A0729D01A7818460133FA
:1007B000002AF6D110467047CAB90268A2F1013387
:1007C00023EA020313F0803F08D150F8042FA2F16E
:1007D000013323EA020313F0803FF6D003785BB1C4
:1007E00010F8013F002BFBD17047990705D0184640
:1007F00013F8012B002AF8D170471846DDE7184698
:10080000A1E7184610BD00BF80EA0102844612F03D
:10081000030F4FD111F0030F32D14DF8044D11F0F9
:10082000040F51F8043B0BD0A3F101329A4312F0AC
:10083000803F04BF4CF8043B51F8043B16D100BF85
:1008400051F8044BA3F101329A4312F0803FA4F116
:1008500001320BD14CF8043BA24312F0803F04BF9D
:1008600051F8043B4CF8044BEAD023460CF8013B0A
:1008700013F0FF0F4FEA3323F8D15DF8044B7047B4
:1008800011F0010F06D011F8012B0CF8012B002AF2
:1008900008BF704711F0020FBFD031F8022B12F0E1
:1008A000FF0F16BF2CF8022B8CF8002012F47F4F9C
:1008B000B3D1704711F8012B0CF8012B002AF9D1A4
:1008C000704700BF88420ED98B1883420BD900EBCA
:1008D000020C002A6ED0624613F801CD02F801CD59
:1008E0009942F9D170470F2A0FD8034602F1FF3C15
:1008F000002A5FD00CF1010C013B8C4411F8012B54
:1009000003F8012F6145F9D1704740EA01039B07C5
:1009100051D1A2F1100370B501F1200C23F00F05A5
:1009200001F1100E00F11004AC441B095EF8105CDC
:1009300044F8105C5EF80C5C44F80C5C5EF8085CF3
:1009400044F8085C5EF8045C44F8045C0EF1100E98
:10095000E64504F11004E9D1013312F00C0F01EB6C
:10096000031102F00F0400EB031328D0043C24F021
:1009700003064FEA940C1E441C1F8E465EF8045B6F
:1009800044F8045FB442F9D10CF1010402F003020F
:1009900003EB840301EB840102F1FF3C4AB10CF14B
:1009A000010C013B8C4411F8012B03F8012F614528
:1009B000F9D170BD704702F1FF3C03469AE7224629
:1009C000EAE700BF10B5054C34B113460A460146AC
:1009D0000220AFF3008010BD204610BD00000000D3
:1009E00040EA01039B0710B501D1032A17D88446BA
:1009F00001F1FF3E07E01EF8011F03F8011B541E22
:100A000029B19C4622466346002AF4D110BD944485
:100A1000002CFBD003F8011B6345FBD110BD8E46B3
:100A20008446DEF80040A4F1013323EA040313F006
:100A3000803F71460EF1040EDAD1043A032A4CF8D5
:100A4000044BEED87146D3E701292DE9F0415BD97B
:100A50004FF00108C64600244FF0FF35434608E03A
:100A6000A3EB05081C464FF0010E04EB0E03994260
:100A700010D900EB050CC75C1CF80E60B742EFD331
:100A800032D04FF001082546C646444404EB0E031D
:100A90009942EED80127C2F80080BE4600244FF0EC
:100AA000FF363B4607E09F1B1C464FF0010E04EB50
:100AB0000E03994210D900EB060C10F803801CF8C5
:100AC0000EC0E045EFD817D001272646BE463C446D
:100AD00004EB0E039942EED80136681C864201D31E
:100AE00017603046BDE8F081C6450ABF74440EF178
:100AF000010E4FF0010EB8E7BE450ABF74440EF177
:100B0000010E4FF0010ED2E701270026E8E700BFF3
:100B10002DE9F04F164685B003AA0D460746194643
:100B200030461C46FFF790FFDDF80CA002468046D9
:100B300006EB0A01304600F027FA2A1B002852D1A2
:100B400001468446A4EB0A0BC8F10109CDF804A0C4
:100B50008845434638BF0B469C4219D95D1E03EBBE
:100B60000C003544384402E001339C4210D010F8A8
:100B700001EB15F801AFF245F6D09C4208D9CC4400
:100B80009C4400219445E3D9002005B0BDE8F08FD6
:100B9000884508F1FF3367D908EB0C00384406EBB1
:100BA0000805CDF8008002E08B4212D0534615F8BC
:100BB000018D10F801EDF04503F1FF3AF4D0DDF8B6
:100BC000008001330131994208D8019B59469C4469
:100BD000D8E701319942DDF80080F6D907EB0C0027
:100BE00005B0BDE8F08FA4EB0801414538BF414690
:100BF000444501F101014FF0000C31D908F1FF3EED
:100C0000C8F101090CEB080006EB0E053844434619
:100C100002E001339C4223D010F801AB15F801BF6C
:100C2000D345F6D09C421BD9CC449C449445ABD8C8
:100C30004445E7D806EB08090CEB08053D44484657
:100C400001E0B342CAD010F801AD15F801EDF2454C
:100C50000346F6D08C44944596D84445CED8EBE76D
:100C6000B8F1000FE6D1B9E74346ABE72DE9F04F05
:100C70001546ADF21C4D06468A4605AA1946284679
:100C80000093FFF7E1FE009B80460DF2144142F80D
:100C9000043F8A42FBD15C1E002B00F0CE80691E0F
:100CA00004EB050C06AF11F8010F5A1A013A2A4459
:100CB000614547F82020F6D1DDF814B0009305EB2C
:100CC0000B014246284600F05FF9009B0146AAEB63
:100CD000030A00285CD1A3EB0B03C8F101020093C7
:100CE000CDE901B20346A9460AE021B1019991423A
:100CF000009988BF0A46134453454FF0000142D87B
:100D000006EB030C1CF8042057F82220002AECD133
:100D10008845424638BF0A46A24212D2551ED01814
:100D20004D44304402E00132A2420AD010F801EBF7
:100D300015F801BFF345F6D0A24202D202990B4446
:100D4000D9E7884508F1FF327BD908EB030030442E
:100D500009EB0805CDF80C8002E08A426AD05A46B9
:100D600015F8018D10F801EDF04502F1FF3BF4D0CC
:100D7000DDF80C8001320131914260D8019A00996E
:100D800013445345BCD900200DF21C4DBDE8F08F33
:100D9000A3EB080343454FF0000C38BF434606EB76
:100DA0000C0001330193035D57F8233008F1FF393C
:100DB000C8F1010B4BB19C44D445E4D806EB0C00C0
:100DC000035D57F82330002BF5D1A04517D208EB6F
:100DD0000C02324405EB09014346CDF800C002E0A5
:100DE0000133A34223D012F801CB11F801EFE645FD
:100DF000F6D0DDF800C0A34238BFDC44DBD3B8F145
:100E0000000FC1D008EB0C01314405EB0802CDF80E
:100E100000C001E0AB42B7D012F801ED11F801CDEE
:100E2000E6451346F6D0DDE900C39C44C4E7DDF88F
:100E300000C0E4E7DDF80C809DE706AF3CE76046C4
:100E4000A2E7424697E700BF2DE9F0470446C0B04D
:100E5000002B6AD0012B0D4690461F4600F086807D
:100E60008B425ED8CD1A022B00EB050661D0B3F59C
:100E7000807F00F282804FF48072002168465D1E00
:100E800002F090F998F80010012240460B4610F845
:100E9000011FA1EBC303DBB20DF803200132954221
:100EA000F4D808EB07034FF0000A13F8022C18F8E7
:100EB0000530A3EBC203DBB21DF803900DF803501D
:100EC000A5EB0909B44201D92BE063B92C44A64231
:100ED00014F8013C94F800C0ACEBC30C5FFA8CFC36
:100EE0001DF80C30F1D29D42A4EB0304EAD80F2D7B
:100EF00007D9042208EB0A0104EB0A0000F044F8C9
:100F000060B92A464146204600F03EF868B1BAF181
:100F1000030F8CBFAAF1040AA7F1050A4C44B4429E
:100F2000D4D9002040B0BDE8F087204640B0BDE8ED
:100F3000F08713785078217840EA0340234613F86D
:100F4000012F9E4242EA01421BD39042EDD001366E
:100F500001E0904208D013F8011F9E4241EA02428C
:100F6000F7D18242DDD13346581EDBE711782A469D
:100F700040B0BDE8F04700F035B840B0BDE8F047FC
:100F800074E61E46EDE700BF032A30B415D941EAE6
:100F90000004A40784460B4604D0541E0FE0043A14
:100FA000032A08D91946604653F8044B5CF8045BE1
:100FB000A542F4D0F1E760461946541E7AB1431EAB
:100FC0000139021901E09A4209D013F8010F11F812
:100FD00001CF6045F7D0A0EB0C0030BC704700207B
:100FE00030BC704701F0FF01102A2BDB10F0070F17
:100FF00008D010F8013B013A8B422DD010F0070FBA
:1010000042B3F6D1F0B441EA012141EA014122F0B4
:1010100007047FF000070023F0E80256083C85EA49
:10102000010586EA010685FA47F5A3FA87F586FAEF
:1010300047F6A5FA87F68EB9EED1F0BC01F0FF01B4
:1010400002F0070232B110F8013B013A83EA0103D2
:1010500013B1F8D10020704701387047002D06BF4A
:1010600035460338073815F0010F07D1013015F464
:10107000807F02BF013015F4C03F0130F0BC013861
:10108000704700BFF8B501F089FF02F00DF909F0D3
:10109000BFFD074609F004FF0546C0BB214B9F4238
:1010A00035D001339F4235D027F0FF021E4B9A42C4
:1010B00033D12E4642F21074F8B200F0ADFF00F0CA
:1010C000B1FF08B10024264602F0B4FB20B1002491
:1010D000032000F07BF8264635B1144B9F4203D025
:1010E000002409F0D5FE2646002009F09BFD0EB134
:1010F00000F082F802F0ACF800F0C8FF01F0B4FA9A
:1011000008B100F079F8204600F034F9F9E72E46EE
:101110000024D4E704460126D1E7064641F288348C
:10112000CDE700BF010007B0000008B0263A09B0C3
:1011300008B501F007FFA0F120035842584108BD4F
:1011400007B5042101900DEB010001F017FF03B07A
:101150005DF804FB38B5302383F311881748036822
:101160000BB108F0A7FE0023154A4FF47A7113481B
:1011700008F096FE002383F31188124C236813B104
:101180002368013B2360636813B16368013B6360BC
:101190000D4D2B7833B963687BB9022001F0C0FF95
:1011A000322363602B78032B07D163682BB90220AD
:1011B00001F0B6FF4FF47A73636038BD80240020DD
:1011C00055110008742400207C240020084B18705E
:1011D00003280CD8DFE800F008050208022001F01F
:1011E00091BF022001F07EBF024B00225A6070477F
:1011F0007C24002074240020F8B502F01BFB30B1E1
:10120000544B03221A700022534B5A60F8BD534BC3
:10121000534A1C4619680131F8D004339342F9D17E
:101220006268504B9A42F1D94F4B9B6803F10063BF
:1012300003F500339A42E9D209F0FEFD09F010FEF1
:10124000002001F0C5FE0220FFF7C0FF474B002140
:10125000D3F8E820C3F8E810D3F81021C3F8101130
:10126000D3F81021D3F8EC20C3F8EC10D3F81421F4
:10127000C3F81411D3F81421D3F8F020C3F8F010F8
:10128000D3F81821C3F81811D3F81821D3F8802007
:1012900042F00062C3F88020D3F8802022F0006280
:1012A000C3F88020D3F88020D3F8802042F0007269
:1012B000C3F88020D3F8802022F00072C3F8802089
:1012C000D3F8803072B64FF0E023C3F8084DD4E96C
:1012D0000004BFF34F8FBFF36F8F254AC2F884100D
:1012E000BFF34F8F536923F480335361BFF34F8FA4
:1012F000D2F8803043F6E076C3F3C905C3F34E332A
:101300005B0103EA060C29464CEA81770139C2F8F1
:101310007472F9D2203B13F1200FF2D1BFF34F8F3B
:10132000BFF36F8FBFF34F8FBFF36F8F536923F4FA
:10133000003353610023C2F85032BFF34F8FBFF325
:101340006F8F302383F31188854680F30888204708
:101350005CE700BF7C240020742400200000020809
:1013600020000208FFFF010800230020004402586B
:1013700000ED00E02DE9F04F95B0DFF8DC8220228F
:10138000FF21019004A8D8F8086001F00BFFA94ADA
:101390001378A3B90121A84811700360302383F3A7
:1013A000118803680BB108F085FD0023A34A4FF4B0
:1013B0007A71A14808F074FD002383F31188019B22
:1013C00013B19F4B019A1A609E4A1378032B03D0E6
:1013D000002313709A4A53604FF0000A019DD346D0
:1013E0005446D146012001F08DFE25B1944B1B6877
:1013F000002B00F02582002001F0A4FD071E49DB30
:10140000012001F06FFEA7F121031F2BEAD801A2F2
:1014100052F823F09B140008B71400084115000887
:10142000E5130008E5130008E5130008CD150008D2
:10143000B3170008A31600080117000827170008B3
:101440004D170008E51300085F1700088317000810
:10145000FB17000821150008E513000847180008CD
:10146000A714000821150008E5130008011700085B
:10147000E5130008E5130008E5130008E51300086C
:10148000E5130008E5130008E5130008E51300085C
:101490004115000800F042FEA7E70220FFF748FED2
:1014A000002840F0FC80019B02216748BAF1000F40
:1014B00008BF1D463EE04FF47A7001F043FD071E61
:1014C000F1DB0220FFF734FE0028ECD0013F052FAE
:1014D00000F2E381DFE807F003070A0D1031052071
:1014E000FFF72EFE14E0D8F80000F9E7D8F8040062
:1014F000F6E7D8F80800F3E74FF01C09484609F171
:10150000040901F067FDFFF71BFEB9F12C0FF5D1BF
:1015100001234FF00009BB404BEA03035FFA83FB52
:1015200001F08CFE24B10BF00B030B2B08BF002540
:101530000221464801F022FD54E7D8F80C00CFE71D
:10154000002CB0D00BF00B030B2B61D10220FFF766
:10155000EFFD044600285BD001204FF0000A01F0A7
:1015600037FD0220FFF732FE1FFA8AF31846029376
:1015700001F03EFD029B054688B9324B01222E4602
:1015800002201A7001F0AEFDD8F80830B34216D828
:1015900000262C4BA2461E70294B5E60C0E7A7F1C7
:1015A000400218460AF1010A5142514101F038FD4A
:1015B00005460028D8D1A24602212548BAE7304680
:1015C00001F008FD0130F6D10436DDE7002C3FF4D0
:1015D0006AAF0BF00B030B2B1AD10220FFF7F6FDBD
:1015E000322001F0AFFC071E12DB17F003030FD10E
:1015F000BA19D8F808108A420AD8B7F5807F07D8F8
:10160000144A9F4206DCC820FFF792FD044628BB1F
:10161000012448E74FF47A70CDE9023201F092FCE0
:101620000028FFF640AF039A029B02F8010B01333A
:10163000E7E700BF70240020802400205511000837
:10164000742400207C2400207CC6000880C600088A
:1016500078C6000870230020002300201F2E11D818
:10166000C6F1200204AB26F003008D49BA421844AB
:1016700028BF3A46029201F075FD029AFF21884880
:1016800001F090FDBB10C7F38702854930460293F5
:1016900001F090FD00288FD0029B06EB83060446E4
:1016A0003EE70220FFF744FD00283FF4FCAE01F0C6
:1016B000C9FC00283FF4F7AE00273B4612E01F2F7D
:1016C00018D8049A013215D027F0030250326A4428
:1016D00052F8400C0C90042218460CA902F094F821
:1016E00004370346D8F80820BA42E8D81846FFF76E
:1016F00027FD15E73846029301F06CFC029BE9E7F1
:10170000002364210CA80C9301F030FC00287FF426
:10171000CAAE0220FFF70CFD00283FF4C4AE0C98BF
:1017200001F086FCE3E7002364210CA80C9301F090
:101730001DFC00287FF4B7AE0220FFF7F9FC00285B
:101740003FF4B1AE0C9801F075FCD0E70220FFF732
:10175000EFFC00283FF4A7AE01F084FCC7E70220AD
:10176000FFF7E6FC00283FF49EAE0CA9142001F020
:101770007FFC0746FFF7E4FC39460CA801F0FEFBAE
:10178000CEE60220FFF7D4FC00283FF48CAE454B98
:101790000CAF03F1100C1868083353F8041C3A46D8
:1017A000634503C21746F6D11020FFF7C9FC10218C
:1017B000E3E7322001F0C6FB071EFFF674AEBB075D
:1017C0007FF471AE07EB0903D8F8082093423FF687
:1017D0006AAE0220FFF7ACFC00283FF464AE27F0AD
:1017E00003074F44B9453FF49BAE484609F104094D
:1017F00001F0F0FBFFF7A4FCF4E74FF47A70FFF779
:1018000097FC00283FF44FAE01F01CFC00283FF489
:10181000D3AE049B01330CD0082204A9002001F0B0
:10182000C9FC00283FF4C8AE2022FF2104A801F023
:10183000B9FC1D48022101F0A1FB1C4808F05CFA2C
:1018400015B0BDE8F08F002C3FF42DAE0BF00B036C
:101850000B2B7FF428AE002364210CA80C9301F01D
:1018600085FB074600287FF41EAE0220FFF760FCD0
:10187000029000283FF417AE02210B4801F07EFBD6
:1018800041F2883008F038FA0C9801F00BFD3D4623
:1018900001F0D4FC029B1C46A4E54FF0000902E6CF
:1018A00070230020E4C4000880C60008A086010060
:1018B000094A49F26900136899B21B0C00FB013315
:1018C00044F250611360054B186882B2000C01FBB2
:1018D0000200186080B270471423002010230020FB
:1018E0007047000070B50C4615461E4603F038FCE4
:1018F00050B9022E10D1012D0ED112A3D3E900232D
:101900000120C4E9002307E0282D10D005D8012DBF
:1019100009D0052D0FD0002070BD302DFBD10BA3B9
:10192000D3E90023ECE70BA3D3E90023E8E70BA3FB
:10193000D3E90023E4E70BA3D3E90023E0E700BFEA
:10194000AFF30080401DA12026812A0B78F6339F3B
:1019500093CACD8D9E6AC421818A46EE2641727259
:10196000DF25D7B7F017304A39059E5600211022DF
:1019700010B5044601F016FC034B03CB20606160F8
:101980001868A06010BD00BF00E8F11FF0B5ADF50C
:10199000517D4FF4C47207460D466EAC00212046BF
:1019A00001F000FC03F084F84FF47A72254BB0FB91
:1019B000F2F0186093E80700022384E807000DF5B1
:1019C000ED702382FFF7D2FF48F205031E4907A8F6
:1019D0002384FEF719FF1E230DF2EB220DF1340CC8
:1019E00084F8323107AB1E46083203CE664542F812
:1019F000080C42F8041C3346F5D1306810602046CC
:101A0000B3880FAE93803146012201F0E5FC00233C
:101A100080B20393CDE90460AB7E3846029305F1B2
:101A20001903019301230093E97E04A3D3E9002362
:101A300003F038FC0DF5517DF0BD00BF9E6AC42156
:101A4000818A46EEF0290020F5C400082DE9F04116
:101A50002C4CDAB080460D46237A5BBB27A928467A
:101A600001F0DEFD0746002842D19DF89D60C82E9A
:101A70003ED801464FF4A662204601F093FB4FF496
:101A8000807332460DF19E01C4F8F8314FF40073B3
:101A900004F109002644C4F80C334FF44073C4F831
:101AA000203401F05FFB9DF89C30777223720BB9F4
:101AB000EB7E237206AC8122002127A801F072FB85
:101AC0000122214627A801F0F1FD002380B20393F3
:101AD000CDE90440AB7E4046029305F11903019322
:101AE00028230093E97E05A3D3E9002303F0DAFB62
:101AF0005AB0BDE8F08100BFAFF30080264172729A
:101B0000DF25D7B7A0240020F0B54FF48A73244E08
:101B1000F1B0002403FB006596F8D830D0222146AE
:101B20003CA885F8DC3085F8E84001F03BFB06F185
:101B3000090006AF01F034FBD5F8E430C2B206F17B
:101B400009018DF8F0000DF1F100CDE93A3401F012
:101B500009FB394601223AA801F0DCFD082380B2D6
:101B6000CDE9047001270F48CDE9023706F1D8030B
:101B7000019330230093317A07A3D3E9002303F0C4
:101B800091FBA04206DD02F093FFC5F8E000384665
:101B900071B0F0BD2046FBE778F6339F93CACD8D38
:101BA000A0240020D44E00202DE9F0411D4D86B028
:101BB0001D4E1E4F284603F0A1FB034658B30024D8
:101BC000DFF86C80ADF814400294CDE903441A7B31
:101BD0008DF8142003AA5868996803C21B6843F063
:101BE0000043029302F066FF82190094384641F1E7
:101BF000000302A902F024F8A04205DD284603F004
:101C000081FB88F80040D5E798F80030072B05D80D
:101C1000013388F8003006B0BDE8F081014803F0D8
:101C200071FBF8E7D44E002040420F00002A00204C
:101C30009D24002010B50446002101F0F1F9601C3C
:101C40000B4C80B2A4F82C0501F0D2F970B1B4F8B5
:101C50002C0501F0DDF9014640B9B4F82C0501F07E
:101C6000DFF9B4F82C05013080B2EBE710BD00BFFE
:101C7000A0240020F0B589B005460C4616460D4953
:101C80004FF4237207A81F4601F04CFEBDF83C300C
:101C90002A46009604930E9B074803931823CDE928
:101CA0000173234603F0A0FA07A801F045FE09B02E
:101CB000F0BD00BFD0290020D44E00200A4B0B4AB3
:101CC00010B51A6003F5805393F858203AB95C6D4B
:101CD0002CB1204601F038FE204601F075FF044883
:101CE000BDE8104001F030BE002A0020D4C6000834
:101CF000403A00202DE9F04F8FB005460C4600AF6A
:101D000003F02EFA00284AD1237E022B1AD1E38A4F
:101D1000012B17D102F0CCFE0646FFF7C9FD4FF4A8
:101D2000C87306F51676DFF8E882B0FBF3F202FB23
:101D3000130316FA83F3C8F80030E37E33B9AE4BD1
:101D400000221A703C37BD46BDE8F08F07F1240130
:101D5000204601F019FC0028F4D107F11400FFF728
:101D600005FE97F8264007F1140107F127002246E7
:101D7000FFF70AF90028E2D10F2C08D89E4B1C70FF
:101D8000D8F80030A3F51673C8F80030DAE797F8F2
:101D900024100029D6D0284603F0DAF9D2E7E38AE6
:101DA000282B38D010D8012B30D0052BCAD1BFF347
:101DB0004F8F9249924BCA6802F4E0621343CB60A2
:101DC000BFF34F8F00BFFDE7302BBBD1DFF844B22C
:101DD000E17E9BF808209142B4D1607E59460022F2
:101DE00091F8DC50854200F0B480013201F58A712F
:101DF000042AF5D1DBF8002040F6B831FA328A42E5
:101E000094BFCBF80020CBF800109BE72146284672
:101E1000FFF7BCFD96E721462846FFF717FE91E73E
:101E2000B2F8EC5000217B60EA1C930822F0030218
:101E30000732BB60D208A8EBC2039D46BB68EA46E6
:101E40009A00504601F0AEF97B682A46504603F1ED
:101E5000EE01594401F086F914B9012001F0B8F8F7
:101E60009BF8D20001F0C4F8044638B98BF808009A
:101E700001F0E8F8204601F0ABF8B4E0DBF8D4203C
:101E80003AB99BF8D200BBF82C25824201D8FFF763
:101E9000D1FEDBF8D4202A44944208D29BF8D20029
:101EA000BBF82C250130824201D8FFF7C3FE3A7AF5
:101EB0005146DBF8040001F07DF908B9C5467BE026
:101EC000DBF804209BF8D2002A44CBF80420DBF88E
:101ED000D42005EB020ACBF8D4A001F089F88245A2
:101EE00009D39BF8D22001328BF8D220DBF8D42022
:101EF000121BCBF8D420FF2D10D800248BF80840FB
:101F000001F0A0F8204601F063F801F093FC3D4B8E
:101F1000188108B9FFF770F9C54613E7FB689BF80D
:101F2000D90009FB03B2D2F8E41082F8E86001F5A9
:101F30008061C2F8E060C2F8E410FFF7E5FDFFF74A
:101F400033FE9BF8D920013202F003028BF8D9202E
:101F5000B4E74FF48A79204609FB02F505F1EA015E
:101F6000594401F00BFC064600287FF4EBAE012239
:101F70005D4485F8E82002F09BFDD5F8E020DBED1C
:101F8000007A801A40F6B832B8EE677ADFED1E6A42
:101F9000192838BF1920904228BF104607EE900A32
:101FA000F8EEE77A67EEA67ADFED186AE7EE267AB2
:101FB000FCEEE77ACBED007A9BF8D930DBF8040031
:101FC000FB6009FB03F30BEB030292F8E81059B135
:101FD000D2F8E440E84684423FF422AF002182F880
:101FE000E810C2F8E010C546DBF80430054A9B0A49
:101FF00001331381A6E600BFE829002000ED00E0D0
:102000000400FA05F0290020CDCCCC3D6666663F81
:10201000EC290020A0240020014B1870704700BF5D
:10202000D03E002038B54FF00054144B22689A423D
:1020300022D1607DF8B1124B0025C92211491870D8
:102040001148237D0930C0F8DB5000F8013C4FF403
:102050008073C0F8EF314FF40073C0F803334FF4CE
:102060004073C0F8173401F07DF8E022294620467D
:1020700001F098F8012038BD0020FCE79AAD44C576
:10208000D03E002016000020A024002037B51A4DB5
:1020900001F0D0FB022300221849288118486B71F7
:1020A00002F036F8002317494FF480521648019386
:1020B000164B0093164B03F023F8164B197811B109
:1020C000114803F045F802F0F3FC0446FFF7F0FB7B
:1020D0004FF4C87304F51674B0FBF3F202FB13005F
:1020E0000D4B14FA80F0186008F0DAFE08B10F23E7
:1020F0002B8103B030BD00BFF029002040420F000B
:10210000002A0020D43E0020D44E0020E51800080C
:10211000F51C0008D03E0020EC2900202DE9F04FEE
:10212000824C2DED028B0FF2EC19D9E900898FB0AA
:10213000FFF73AFD07AD00237D4FDFF814A20693A9
:10214000ADF8243007936B609FED748B4FF0000B5C
:1021500001260DF10D0203A95B4638468DF80C608F
:102160008DF80DB08DED008B02F074FB9DF80C30F6
:10217000002B40F09A80204602F0F2FF054600282E
:102180003FD16C4F02F094FC3B68984239D302F087
:102190008FFC8246FFF78CFB4FF4C8730AF5167A62
:1021A000B0FBF3F202FB13001AFA80F038600AA8C1
:1021B000614F97F800B0BBFA8BF3CBF1100A5B09C3
:1021C0005FFA8AFA8DF81830FFF7D0FBBAF1060FE4
:1021D0000AAB0DF1190028BF4FF0060A03EB0B0103
:1021E000524600F0BFFF0AF1010206ABD2B20093E3
:1021F00001923246514B4BA1D1E90001FFF73AFD64
:102200003D7002F055FC4E4A4E4D1368C31AB3F5AB
:102210007A7F29D3106002F04DFC02460B4620461F
:1022200003F07AF8204602F09BFFE8B12B7A0AAF60
:10223000454E002B0CBF02230323737102F038FCC0
:102240004FF47A7301223946B0FBF3F03060304628
:1022500001F072F93D4B80B240F255124946CDE98A
:1022600000704046FFF706FD2B7A93B102F020FC88
:10227000002607464FF48A7A95F8D900304400F0DA
:1022800003000AFB005393F8E82092B30136042EB2
:10229000F2D1C82007F030FD2B7A002B7FF448AF35
:1022A0000FB0BDEC028BBDE8F08FDAF81430594660
:1022B00010220AA883F02003CAF8143000F072FF3D
:1022C0000DF10E0304AA06A9384601F0B3FD0BABCD
:1022D00095E8030083E803009DF824300AA920460E
:1022E0008DF83430069B0A93DDE9042303F0E4F90A
:1022F0002CE7D3F8E02042B12B68BA1AFA2B38BF8A
:10230000FA230533B2EB430FC0D3FFF7FDFB0028E0
:10231000BCD1BEE7F1C6A7C1D068080F000000001D
:1023200000000000401DA12026812A0BD44E002071
:10233000002A0020EC290020E8290020FC290020A8
:1023400098240020A0240020F02900209C240020B4
:102350000010025810B5044601F036FC204610BDAE
:1023600038B50A4D0A4C0B4801F00CFE2A460A49C2
:1023700000200AF0B1F8204602F0F0FA2A46204682
:102380000649BDE838400AF0A7B800BF94610020B4
:10239000D0290020002A0020BD1C0008E1180008F8
:1023A0007047000070470000704700002DE9F041C1
:1023B00000F58037044616463B7C5BB9C068103098
:1023C000204400F0CFFEE5683544B5F5004FE560E8
:1023D00002D816B1BDE8F081DEB905F07F0605F13F
:1023E00010000021C6F180062044F6B232462E4489
:1023F00000F0D8FEA06804F11008324600F1006039
:10240000414600F5003008F047F930B901233B742C
:10241000E0E74FF400463546ECE7A36805F110010C
:10242000E268404633442144521BA360E26000F05E
:1024300099FE0220BDE8F04100F072BE183000F0B5
:10244000DFBC000010B5044601F0BEFB204610BD05
:1024500010B5044601F0B8FB204610BDC0B2A0F193
:102460004103052B02D83738C0B27047A0F1610391
:10247000052B94BF57383038F6E7000070B5044696
:102480001546084603220C4900F076FE014688B93D
:1024900007346E1C15F91100FFF7E0FF024616F92C
:1024A00011000131FFF7DAFF102940EA021004F8A9
:1024B000010FEFD170BD00BF14C500082DE9F04F2A
:1024C000ADF53F7D4168074601222AA805F0AEF927
:1024D000064600287BD1824681461125DFF80C8113
:1024E000DFF80CB101AB4FF4805241462AA805F049
:1024F000EDFA044600286AD1019AB2F5805F66D8E9
:10250000002A69D0019A9442ECD2282D0FD008DC21
:10251000132D2DD01E2D39D0112D13D00134A4B27E
:10252000F0E7322D2DD0372D2FD02D2DF6D13B6851
:10253000121B08EB040138461B692D259847BDF88E
:102540000440EBE7121B022A09D9594608EB0400A4
:1025500000F012FE18B902342825A4B2DEE718F8FC
:1025600004303A2B33D00A2B1CBFA1461325D5E7E4
:1025700018F804300A2B2AD03A2B04BFA246322581
:10258000CCE718F80430202BC8D0264618F80430C1
:102590000A2B1AD1AAEB090208EB090102A811259E
:1025A0004F2A28BF4F22FEF71BFAA21B08EB060199
:1025B00016A84F2A28BF4F22FEF712FA3B6816AA28
:1025C00002A9DB6838469847A8E71E25A6E7002041
:1025D0000DF53F7DBDE8F08F3B68384602491B6929
:1025E00098470120F4E700BFA4C50008044F00206D
:1025F00018C5000830B500F11805044685B0284616
:1026000000F0E8FB2046FFF759FF60B12946684615
:1026100000F03EFC102204F108016846FEF7B4FC0D
:10262000B0FA80F0400905B030BD000070B5044636
:102630000025EEB2304600F0DBFC48B92046FFF73B
:102640003DFF58B104F58034207C80F0010006E0A5
:1026500000213046013500F0E3FC08B9002070BDD0
:10266000022000F05DFDE4E7F0B5C9B008F0E8FA3B
:1026700002F098F918B90025284649B0F0BD69461E
:102680002A4805F0E9FA00284BD1294C204605F0EC
:1026900013FB284805F010FB274805F00DFB2146E9
:1026A000224805F085FB0028E5D1702001F086FA6C
:1026B000064610B1214B44600360336830469B6886
:1026C0009847054600282ED01A4F1948394605F07C
:1026D0006FFB05460028CED1194801F06FFA044679
:1026E00038B1184B4760036000F58033C0E90255EC
:1026F0001D74236820469B689847054628B10E49FB
:102700000C4805F055FB0028B5D1336830465B68AE
:1027100098471CB1236820465B68984702F02AF965
:10272000AAE70025FAE70446EFE700BF1CC500084A
:102730002CC5000843C5000859C500088CC6000810
:1027400014000100A8C600082DE9F04FD34A8DB04F
:10275000D1F800A003685244D0F804E0D04E1A44E7
:10276000D1F81C90DFF8B0C3DFF8B0B3D0E9023481
:10277000634003EA0E03634013444A6801920EEB80
:102780007363019CC74A2244C468224484688EEA69
:1027900004051D40654015448A68029203EB3555D7
:1027A000029CC14A2244846822448EEA03042C40DD
:1027B00084EA0E041444CA6805EBF4340392164408
:1027C00083EA0502224076445A4032440E69049658
:1027D00004EBB222049FB54E3E441E4485EA040336
:1027E00013406B4033444E69059602EB7363059FBB
:1027F000AF4E3E442E4484EA02051D4065403544F8
:102800008E69069603EB3555069FAA4E3E44264434
:1028100082EA03042C4054403444A74E4E4405EB56
:10282000F434164483EA050222405A4032440E6AC8
:10283000079604EBB222079FA04E3E441E4485EA51
:10284000040313406B4033444E6A089602EB7363F3
:10285000089F9B4ED1F838803E442E4484EA0205FE
:102860001D40654035448E6AA6F5244703EB355577
:1028700009964F3F274482EA03042C4054403C44CD
:10288000CF6A0A9705EBF4340A9E8E4F37440E6BDD
:10289000174483EA05020B9622405A403A448A4F75
:1028A000374404EBB222019E1F4485EA040313401F
:1028B0006B403B444F6BBC4402EB7363AC4484EA13
:1028C00002051D4065406544DFF854C2C44403EB73
:1028D0003555A44482EA03042C4054406444D1F8A2
:1028E0003CC07A4905EBF4346144114483EA0502A3
:1028F00022405A400A44764904EBB2223144069EF3
:10290000194484EA02032B4063400B44714902EBF3
:10291000F36331440A9E0D4482EA03012140514091
:1029200029446D4D03EBF1513544059E254483EA5E
:10293000010414405C402C44684D01EBB444554400
:10294000154481EA04021A404A402A44644D04EBCB
:1029500032323544099E1D4484EA02030B40634031
:102960002B44604D02EBF3633544049E0D4482EA30
:1029700003012140514029445B4D03EBF151654473
:10298000254483EA010414405C402C44574D01EB7C
:10299000B4443544089E154481EA04021A404A4072
:1029A0002A44534D04EB32323544039E1D4484EADD
:1029B00002030B4063402B444E4D02EBF36345444E
:1029C0000D4482EA03012140514029444A4D03EB62
:1029D000F1513544079E254483EA010414405C40CC
:1029E0002C44464D01EBB4443544029E154481EA23
:1029F00004021A404A402A44414D04EB32323D441D
:102A00001D4484EA02030B4063402B443D4D02EB1E
:102A1000F36335440B9E0D4482EA0301B344059EE3
:102A20002140934451402944374D03EBF1514D442B
:102A30002C4483EA010515405D40254401EBB54572
:102A400081EA050404EA03024A405A44A6F5B82B79
:102A5000079E05EB3232ABF2BE6B54409B442B4BCE
:102A60005C4433440A9E02EB34740B4485EA020151
:102A700061401944264B334404EB7151019E2B44B1
:102A800082EA04054D401D44224B434401EB354589
:102A90001A4484EA01036B40134443E078A46AD7E4
:102AA000EECEBDC156B7C7E8DB702024AF0F7CF572
:102AB0002AC68747134630A8019546FDD8988069F5
:102AC000AFF7448BBED75C892211906B2108B449C3
:102AD00062251EF640B340C0515A5E26AAC7B6E929
:102AE0005D102FD65314440281E6A1D8C8FBD3E76A
:102AF000E6CDE121D60737C3870DD5F4ED145A454D
:102B000005E9E3A9F8A3EFFCD9026F6781F67187A5
:102B100022619D6D0C38E5FD937198FD8A4C2A8DDC
:102B20008E4379A6904A324405EB7323049E2244D7
:102B300081EA05045C4014448C4A324403EB34744B
:102B4000099E0A4485EA030161401144884A4A44C7
:102B500004EB7151154483EA04024A402A44854D2E
:102B6000354401EB3242039E2B4484EA0105554073
:102B70001D44814B3B4402EB7525234481EA02044A
:102B80006C401C447D4B534405EB3474194482EA79
:102B9000050363400B447A49314404EB7353069EAA
:102BA0000A4485EA040159401144764A324403EB51
:102BB0003141089E2A4484EA03054D401544724A77
:102BC000324401EB75250B9E144483EA01026A40EE
:102BD00022446E4C344405EB3272029E234481EA57
:102BE000050454401C446A4B634402EB74540B4488
:102BF00085EA020161401944664B334404EB3141DC
:102C0000059E1D4482EA04034B402B44624D01EBB8
:102C100073235544154463EA04024A402A445F4D35
:102C200003EBB2624D44254462EA01045C402C444B
:102C30005B4D02EBB45445440D4464EA030151403A
:102C40002944584D04EB714135440B9E1D4461EA03
:102C5000020363402B44544D01EBF3233544039EA0
:102C6000154463EA04024A402A44504D03EBB26221
:102C70003544254462EA01045C402C44099DA5F5D5
:102C8000801602EBB4544A4DA6F683360E4464EA2D
:102C9000030151403144019E04EB71413544079ECC
:102CA0001D4461EA020363402B44424D01EBF323D0
:102CB0003544069E154463EA04024A402A443E4DC8
:102CC00003EBB2626544254462EA01045C402C4493
:102CD0003A4D02EBB4543544049E0D4464EA0301BA
:102CE00051402944364D04EB71413D442B4461EA87
:102CF000020565401D44334B01EBF52533440A9E24
:102D00001A4465EA04034B4013442F4A05EBB363AE
:102D10003244029E144463EA01026A4022442B4C6E
:102D200003EBB2523444089E0C4462EA0501594058
:102D30002144274C02EB71413444254461EA0304E9
:102D400054402C4405682B4403600EEB010303EB55
:102D5000F423436083681944C3681A448160C260E5
:102D60000DB0BDE8F08F00BF44EABEA4A9CFDE4B92
:102D7000604BBBF670BCBFBEC67E9B28FA27A1EA9B
:102D80008530EFD4051D880439D0D4D9E599DBE628
:102D9000F87CA21F6556ACC4442229F497FF2A434D
:102DA000A72394AB39A093FCC3595B6592CC0C8FDD
:102DB000D15D84854F7EA86FE0E62CFE144301A30D
:102DC000A111084E827E53F735F23ABDBBD2D72A05
:102DD00091D386EB094B036003F18833436003F121
:102DE0002943A3F59613A3F68B638360A3F188337D
:102DF000C3600023C0E90433704700BF0123456767
:102E00002DE9F8431446026905460E46E300C2F375
:102E1000C50800F118079B18036122BF43690133FD
:102E2000436112F4FC7F436903EB5473436114D094
:102E3000C8F1400907EB08004C4504D22246BDE822
:102E4000F843FDF73FBD403C4A464E44FDF73AFD8E
:102E5000444439462846FFF777FCA04606EB0409B0
:102E6000B8F13F0FA9EB080106D824F03F0104F0A8
:102E70003F0238463144E2E740223846FDF722FD62
:102E800039462846A8F14008FFF75EFCE8E7000055
:102E900070B50B6901F1180506460C46C3F3C5036E
:102EA000EA18501C8022EA54C3F13F02072A1FD8B7
:102EB000002100F077F929462046FFF745FC38222B
:102EC0000021284600F06EF9236929462046236533
:102ED00063696365FFF738FC214610223046FDF731
:102EE000F1FC204658220021BDE8704000F05AB99C
:102EF000C3F137020021E5E70F4B70B51B7805469B
:102F00000C460133DBB2012B10D80C484FF47A7316
:102F10000168A2FB033222460E6A2946B04784426A
:102F200004D1074B002201201A7070BD4FF4FA70D3
:102F300006F0E2FE0020F8E718230020C069002018
:102F4000345F0020002307B5024601210DF1070080
:102F50008DF80730FFF7D0FF20B19DF8070003B0D0
:102F60005DF804FB4FF0FF30F9E700000A4604214A
:102F700008B5FFF7C1FF013808BD000030B40546B1
:102F800004480A4603682946DC69034BA44630BC62
:102F9000604700BFC0690020A086010070B50A4EDE
:102FA00000250A4C07F01AFB3080206833888342E2
:102FB00008D907F00FFB236805440133B5F5003F3E
:102FC0002360F2D370BD00BF2C5F0020305F002073
:102FD00007F0E6BB00F1006000F5003000687047C4
:102FE00000F10060920000F5003007F055BB0000D2
:102FF000054B1A68054B1B889B1A834202D9104463
:1030000007F0E8BA00207047305F00202C5F0020F6
:10301000024B1B68184407F0E3BA00BF305F002082
:10302000024B1B68184407F0EFBA00BF305F002066
:103030000020704700F1FF5000F58F10D0F8000815
:1030400070470000064991F8243033B1002308226C
:10305000086A81F82430FFF7C3BF0120704700BF22
:10306000045F0020014B1868704700BF0010005C2F
:10307000194B1A4A70B51D68431E0420C5F30B0492
:103080000B442D0C013808D19942084610D3052471
:10309000134A013C15D1401A70BD1688A6420ED1C4
:1030A00052680846013A9842F1D212F9014F1CB910
:1030B0002C2200F8012BEAE700F8014BF3E7083275
:1030C000E0E71688AE4204D198423CBF967800F8FB
:1030D000016B0432DDE700BF0010005C1C23002000
:1030E000BCC60008022804D1054B4FF400129A61B7
:1030F00070470128FCD1024B4FF40022F7E700BFD4
:1031000000100258022803D1044B20229A61704714
:103110000128FCD1014B0822F8E700BF001002583B
:10312000022805D1064A536983F020035361704792
:103130000128FCD1024A536983F00803F6E700BF77
:103140000010025870B504464FF47A7604B970BD89
:10315000412C254628BF412506FB05F0641B06F0DF
:10316000CBFDF3E7002310B5934200D110BDCC5C3A
:10317000C4540133F8E70000013810B510F9013FDD
:103180003BB191F900409C4203D11AB10131013A9F
:10319000F4E71AB191F90020981A10BD1046FCE727
:1031A000FFF7FEBF02440346934200D1704703F885
:1031B000011BF9E72DE9F8431F4D144607468846E1
:1031C00095F8242022B9DFF870906CB9012009E04D
:1031D0002B6A03EB82038342F5D0FFF733FF00280D
:1031E000F1D10020BDE8F88395F824302BB92022D6
:1031F000FF2148462F62FFF7D5FF95F8240041468E
:10320000C0F1080205EB8000A24228BF2246D6B2D8
:103210009200FFF7A7FF95F82430A41B17441E4423
:103220009044E4B2F6B2082E85F82460CDD1FFF7C1
:1032300009FF0028C9D1D4E7045F0020024B1A78A7
:10324000024B1A70704700BF345F00201823002023
:1032500038B5114D114C284605F090FF21462846FF
:1032600005F0B8FF24684FF47A70D4F89020D2F8B3
:10327000043843F00203C2F80438FFF763FF08493B
:10328000204606F0B5F8D4F89020D2F8043823F0A0
:103290000203C2F8043838BDC069002038CE0008E7
:1032A00040CE0008704700002DE9F04771B6464B4C
:1032B00001201D68454BB3F8008000231A461946CB
:1032C00005F044F90446802007F00AFB074670B376
:1032D0006CB33F4EADB24FF0800A7369284643F09D
:1032E000C0637361D6F8143143F0C063C6F814317B
:1032F00007F070F905EB080205FB00F34FF03D0CF9
:1033000000FB02FE4FF4D0609E4513D8204605F026
:103310005DF9384607F020FB2D4B5A6942F0C06238
:103320005A61D3F8142142F0C062C3F8142161B687
:10333000BDE8F08731694A012CD4D6F81011490153
:1033400028D4226803F1006191602168CF60216870
:10335000C1F804A021680860D4F80090D9F80010E2
:1033600041F00101C9F80010D4F80090D9F800101C
:1033700021F01E01C9F80010D4F80090D9F800100F
:10338000CA07FBD494F80C90803362680CFA09F1F8
:103390001160B9E70F4B9A6A42F400729A629A6A16
:1033A00042F400429A6261B60026012007F0F8F963
:1033B000464503D3002007F0F3F9A7E7A819013623
:1033C00007F022F9F4E700BF305F00202C5F0020F7
:1033D0000020005200ED00E02DE9F3470D460446C1
:1033E00000219046284640F27912FFF7DBFE234683
:1033F00020220021284604F1220702F0FBF8231DB9
:10340000022220212846C02602F0F4F8631D032280
:103410002221284602F0EEF8A31D0322252128468A
:1034200002F0E8F804F1080310222821284602F0EF
:10343000E1F804F1100308223821284602F0DAF8F6
:1034400004F1110308224021284602F0D3F804F1C8
:10345000120308224821284602F0CCF804F1140394
:1034600020225021284602F0C5F804F1180340221A
:103470007021284602F0BEF804F120030822B02192
:10348000284602F0B7F804F121030822B8212846A3
:1034900002F0B0F8314608363B460822284601378C
:1034A00002F0A8F8B6F5A07FF4D194F83230314696
:1034B00004F1330A00268DF8073008220DF10703C6
:1034C000284602F097F89DF807304FEAC6099E4259
:1034D00009F5A47720D394F83231502B28BF50231C
:1034E0008DF80730B8F1000F08D1394609F24F17AF
:1034F0000DF107030722284602F07CF8002604F2AB
:1035000033149DF8073007EBC6019E420DD30731F7
:10351000C80802B0BDE8F0870AEB06030822394666
:103520002846013602F066F8CDE7A319082228469E
:10353000013602F05FF8E4E738B50C460021054695
:10354000034621602046C4F80310202202F052F8FE
:103550002B1D20460222202102F04CF86B1D204634
:103560000322222102F046F8AB1D2046032225212A
:1035700002F040F8204605F108031022282102F04D
:1035800039F8072038BD0000F7B5057F04460E4620
:103590002DB1838A122B02D9012003B0F0BD002384
:1035A000072220460096194601F0F0FE731C012206
:1035B000072100932046002301F0E8FED5B9B31C93
:1035C00005220821204600932B460D2501F0DEFE42
:1035D000B378102BE0D83746BB1BB278934210D398
:1035E0000735237FA08AED08B3B9A8422CBF00207D
:1035F0000120D2E7A38A0825DB00083BDB08B37073
:10360000E6E7FB1C294608222046009300230835E4
:10361000013701F0BBFEDFE7401B18BF0120BCE70C
:10362000F7B5047F05460E462CB1838ACA2B02D912
:10363000012003B0F0BD0023082228460096194659
:1036400001F0A4FEDCB9731C08222846009323462F
:103650001024114601F09AFE7378C82BE8D8012394
:103660005F1C7278013B934210D307342B7FA88AEA
:10367000E408B3B9A0422CBF00200120D9E7AB8AEF
:103680000824DB00083BDB087370E5E7F3192146EB
:10369000082228460093002301F078FE08343B46B8
:1036A000DEE7001B18BF0120C3E70000F7B50E4698
:1036B00004460021154630468122FFF773FD23465C
:1036C00008220021304601F095FF63787F2B28BF48
:1036D0007F238DF807309DB90F270DF107030722CF
:1036E0000821304601F086FF002502349DF807309E
:1036F00007EBC5019D4205D30731C80803B0F0BDF3
:103700000827F1E7631908223046013501F072FFFE
:10371000ECE70000F7B50E4605460021144630469A
:10372000CE22FFF73FFD2B4628220021304601F034
:1037300061FF2B7AC82B28BFC8238DF807308CB9BE
:1037400030240DF1070308222821304601F052FFF2
:103750002F467B1B9DF80720934205D3E01DC00830
:1037600003B0F0BD2824F3E707F10903214608223E
:1037700030460834013701F03DFFEAE7F7B5047F32
:1037800005460E4634B1838AB3F5827F02D9012003
:1037900003B0F0BD0123102200212846009601F05D
:1037A000F5FDDCB9B31C09221021284600932346FD
:1037B000192401F0EBFD7388B3F5807FE7D8374615
:1037C000BB1B7288934210D307342A7FAB8AE4086C
:1037D000B2B99C4294BF00200120D9E7AB8A1024E3
:1037E000DB00103BDB087380E5E73B1D2146082228
:1037F0002846009300230834013701F0C7FDDFE7B6
:10380000E01A18BF0120C3E730B50A44084D9142C1
:1038100000D130BD11F8013B5840082340F30004AB
:10382000013B2C4013F0FF0384EA5000F6D1EEE791
:103830002083B8EDF7B5354A6B46106851686A4683
:1038400003C3082332493348FDF7FEFA044610B398
:103850000369B3F5F01F52D8428BB2F5B06F50D167
:103860002D4A024402F110018B424CD3103B2949EE
:1038700000209D1AFFF7C8FF04F1180106462A46EA
:103880000020FFF7C1FFA3689E4202D1E36898427F
:1038900031D00D2500E00A25204A6B46106851689A
:1038A0006A4603C308231E491A48FDF7CDFA0446A9
:1038B00010B30369B3F5F01F1ED8B0F86620B2F557
:1038C000B06F19D1144A024402F15C018B4213D348
:1038D0005C3B104900209E1AFFF796FF04F164013B
:1038E000074632460020FFF78FFFA3689F4203D1AF
:1038F000E368984200D10025284603B0F0BD0B25AF
:10390000CAE70C25C8E71025C6E700BF9CC500081C
:10391000DCFF1D00000002080800FEF7A5C5000836
:1039200090FF1D0010B50B68044608469B68216097
:103930009847204610BD000010B504460068036893
:10394000DB689847204610BD10B5037C044613B9C8
:10395000006807F001F8204610BD00000023BFF307
:103960005B8FC360BFF35B8FBFF35B8F8360BFF37D
:103970005B8F7047BFF35B8F0068BFF35B8F70474F
:1039800070B505460C30FFF7F5FF044605F1080653
:103990003046FFF7EFFFA04206D96D683046FFF7CB
:1039A000E9FF2544281A70BD3046FFF7E3FF201ACF
:1039B000F9E7000070B505464068A0B105F10C06B6
:1039C00005F10800FFF7D6FF04463046FFF7D2FFA7
:1039D000844204F1FF34304694BF6D680025FFF740
:1039E000C9FF2C44201A70BD38B50C460546FFF7B8
:1039F000C7FFA04210D305F10800FFF7BBFF6B68BB
:103A000004440120BFF35B8FB4FBF3F203FB1244C9
:103A1000AC60BFF35B8F38BD0020FCE72DE9F041BF
:103A2000144607460D46FFF7C5FF844228BF0446EB
:103A3000D4B1B84658F80C6B4046FFF79BFF0644DC
:103A400040462E607E68FFF795FF331A9C4203D8EC
:103A500001206C60BDE8F081A61B6B603B683044C0
:103A6000AB60E8600220F5E72046F3E738B50C4686
:103A70000546FFF79FFFA04210D305F10C00FFF7AA
:103A800079FF6B6804440120BFF35B8FB4FBF3F252
:103A900003FB1244EC60BFF35B8F38BD0020FCE7F2
:103AA0002DE9F04385B088460746002569466C46F7
:103AB000FFF7B4FF06B204EBC606B44207D12946AD
:103AC0003846FFF7D3FF284605B0BDE8F083D4F8A9
:103AD000049008EB050154F8080B4A464D44FFF7E3
:103AE00041FBEAE7F8B505460C300F46FFF742FF09
:103AF00005F1080604463046FFF73CFFA042304679
:103B000088BF6C68FFF736FF201A386020B12C6838
:103B10003046FFF72FFF2044F8BD000073B5144670
:103B200006460D46FFF72CFF844228BF0446DCB151
:103B300001A93046FFF7D6FF019B3BB93268C5E9C2
:103B40000233C5E90024012002B070BD9C42286008
:103B500038BF0194019B9C426B60F4D93268E41A2F
:103B60000220AA60EC60EFE72046EDE72DE9FF4177
:103B70000F4669466C46FFF7D1FF05B2002604EBFD
:103B8000C505AC4203D1304604B0BDE8F081D4F89D
:103B90000480B81954F8081B42464644FFF7E2FA7D
:103BA000EFE7000038B50546FFF7E0FF04460146A1
:103BB0002846FFF719FF204638BD00000121884242
:103BC00038BF084606F0C4BE08B106F0C5BE70474F
:103BD00070470000036800221B68184700F58050FA
:103BE00090F869047047000000F5805090F8620476
:103BF0007047000000F5805090F96804704700009D
:103C0000302383F3118800F58052D2F8AC34D2F817
:103C1000A8145818D2F8A4341844D2F88C34184494
:103C2000D2F89C341844D2F898341844002383F313
:103C30001188704700F58050C0F864140120704767
:103C40002DE9F74F0C4600F580511F46054691F8C7
:103C500062349046BDF830909BB1D1F8883401337E
:103C6000C1F888342368980006D4237B082B0DD92B
:103C7000627B0AB10F2B09D9D1F88C340133C1F81A
:103C80008C344FF0FF3003B0BDE8F08F302383F366
:103C90001188AB6BD3F8C420920215D5D1F89034BB
:103CA0000133C1F89034D1F89434002B40F088806F
:103CB00042463B4621462846CDF8009000F04CFF96
:103CC000002383F31188DEE722684FF0480AD3F817
:103CD000C460002A2B6BC6F30446B4BF42F0804296
:103CE00092041AFB063ACAF8002023685B004FEAE8
:103CF000066344BF42F00052CAF80020227B43EA28
:103D00000243CAF80430627B42B143F44013CAF85C
:103D10000430D1F8C0340133C1F8C03405EB461388
:103D20004FEA461B03F58353197F62F34511197758
:103D3000207B00F061FF0330801007D0636801280A
:103D4000CAF808301CBFA368CAF80C300122AB6B5C
:103D500005EB4611B24001F58351C3F8D02006F1BE
:103D60008303083104F10C0205EB4313C3E9008718
:103D7000234653F8040B934241F8040BF9D11B88F6
:103D800041F278020B8005EB0B039E5003F5805344
:103D900009F0030293F87C1042F0100221F01F0199
:103DA0000A4383F87C20002383F3118842463B4674
:103DB00021462846CDF8009000F0CEFE012062E7B3
:103DC00000207DE738B500F580540D46606DFFF7A3
:103DD000F1FD1F2809D920222946606DFFF760FEFA
:103DE000A0F120035842584138BD0020FCE70000F4
:103DF00008B5302383F3118800F58050406DFFF73C
:103E0000ADFD002383F3118808BD0000002202608D
:103E100082814260826070470022002310B5C0E9B1
:103E20000023002304460C3020F8043CFFF7EEFF8B
:103E3000204610BD2DE9F0479A4688B007468846CF
:103E40009146302383F3118807F580546846FFF7C5
:103E5000E3FF606DFFF794FD1F282ED920226946ED
:103E6000606DFFF79FFE202827D194F8623423B3BA
:103E700003AD444605AB2E46083403CE9E4244F8BB
:103E8000080C44F8041C3546F5D130682060B3882E
:103E9000A380DDE90023C9E90023BDF80830AAF8B2
:103EA0000030002383F3118853464A464146384682
:103EB00008B0BDE8F04700F009BE002080F311888B
:103EC00008B0BDE8F08700002DE9F84F06468846A7
:103ED0001822002104303546FFF764F9264B06F519
:103EE000825445F8403B2F4638462037FFF794FF71
:103EF000A742F9D106F580544FF4805306F5A35933
:103F00004FF0000A25640025676506F5835709F11F
:103F100008094FF0000B0837E564C4E911350123A7
:103F200084F8503084F858303846203747E90AABD7
:103F3000FFF76CFF47F8105CB945F5D184F8688449
:103F4000A4F86A54A4F86C54A4F86E5484F870541D
:103F5000A4F87254A4F87454A4F8765484F87854ED
:103F6000B8F1000F02D0054800F09CFD044B30462C
:103F7000B363BDE8F88F00BFD4C60008AEC5000823
:103F800000A00040044B10B5197804464A1C1A7072
:103F9000FFF79AFF204610BD3C5F00202DE9F0435B
:103FA000002959D02D4B2E4D994294BF11230A233D
:103FB000B5FBF1F4013BDBB2581C5FFA83FEB4FBA6
:103FC000F0F700FB174080BB7C1EB4F5806F2AD24F
:103FD000C3EBC3004FF47A73C41CE610C4F3C704E8
:103FE00006F10109AEEB040806FB03365FFA88FC14
:103FF00059FA88F8B6FBF8F6B6F5617F1ADCB3B269
:10400000601C5CFA80F07843B5FBF0F58D4223D15B
:104010000CF1FF3107291FD8012013805780107140
:10402000547182F806C0BDE8F083BEF1020F13D0D0
:10403000013BC1E7441EE610C4F3C704AEEB040025
:1040400006F1010E06FB03335FFA80FC5EFA80F096
:10405000B3FBF0F39BB2D3E70020E4E73F420F004D
:1040600000B4C40430B506200C4B0D4D013811D0FE
:104070001C786C438C420ED159780120518099787C
:104080005171D9789171197911715B7903EB8303BF
:104090005B00138030BD0633E8E700BF10C700089F
:1040A00040420F0038B540F27772836B154CC3F86D
:1040B000BC200722836BC3F8C8202268816B930061
:1040C00043F4C023C1F8A03002F1805302F16C0127
:1040D000856B03F52C53EA3289009B00226041F086
:1040E000E061094A8362C5F8C01003F5D87103F591
:1040F0006A7301639342436302D9044800F0D2FC1F
:1041000038BD00BF385F0020FCB50040C2C50008C4
:104110002DE9F04300F5805589B00446884695F8AE
:1041200068341746012B00F2AB809B4A52F82310EB
:1041300009B942F823009948C4F81C800178C9B92C
:10414000302383F31188964BD3F8EC2042F480722D
:10415000C3F8EC20D3F8942042F48072C3F8942082
:10416000D3F8942022F48072C3F8942001230370C2
:1041700081F3118895F861647EB9302383F3118847
:104180000321132004F026FD0321152004F022FD55
:10419000012385F8613486F31188302383F3118875
:1041A000A26B936923F01003936100F081FC8146B8
:1041B000A36B9E6916F0080659D19A6942F0010274
:1041C0009A6100F075FC8146A36B9A69D0075CD5B3
:1041D0009A6942F002029A610023A26B536583F34D
:1041E0001188686DFFF7BAFB202200216846FEF7B0
:1041F000D9FF02A8FFF70AFE04F583536A460DF1C2
:10420000180E334494460833BCE80300F44543F8E1
:10421000080C43F8041C6246F4D1DCF80000203698
:104220001860B6F5806F9CF804201A71DCD1002369
:1042300004F5A352414620460A3285F8603485F8D9
:104240006334FFF7ABFE064630BBA26B936923F0E5
:104250000103936100F02CFC0546A36B9B69D90711
:104260000ED500F025FC401BFA28F6D908E000F036
:104270001FFCA0EB0900FA289AD9002383F31188C8
:104280000026304609B0BDE8F08300F011FCA0EB39
:104290000900FA2898D9F0E795F86F3495F86E146C
:1042A000013BC5F87C840139A26B1B0243EA4163E0
:1042B00095F8701401390B43B5F86C14013943EAD1
:1042C0000143D361AFB304F5A352394620461232FD
:1042D000FFF7C8FE88B9A26B936923F001039361CD
:1042E00000F0E6FB0546A36B9B69DA07C8D500F032
:1042F000DFFB401BFA28F6D9C2E7B5F8743495F80D
:104300007714013BC5F880740139A26B1B0443EAA2
:10431000012395F8761401390B4395F87814013987
:1043200043EA011343F40003D3604FF42062A36B0C
:104330009A64A36B00272046C3F8BC70FFF7B2FE57
:1043400085F869746FF04042A36B1A65154AA36B38
:104350005A654FF00222A36B9A654FF0FF32A36BB0
:10436000C3F8E0200322A36BDA65A26B936923F004
:104370000103936100F09CFB0746A36B9B69DB077D
:1043800003D4012385F862347BE700F091FBC01B66
:10439000FA28F2D974E700BF405F0020355F0020A3
:1043A00000440258550200022DE9F04F00F5A557D0
:1043B0008BB00546904699464FF0000B41F2780AC3
:1043C0001037AB6BD3F8D83023FA0BF3DC0753D597
:1043D00005EB4B114FEA4B1251440B7918074BD4A4
:1043E00005F58056D6F894340133C6F89434C7E9FD
:1043F00000890B79990605EB020148BFD6F8C43451
:10440000514444BF0133C6F8C4340B7943F0080368
:104410000B71DB0725D596F8633413B305F5835488
:1044200002A80192FFF7F8FC0834019A05AB144486
:1044300004F1080C2068083454F8041C1A4664453A
:1044400003C21346F6D1206802A910602846A2884C
:104450009A800123ADF810302B68CDE902899B6B5F
:104460009847D6F8B834D6F864040133C6F8B8349F
:1044700010B103681B6998470BF1010BBBF1200FCA
:104480009FD10BB0BDE8F08F2DE9F04F8A468FB079
:10449000044600F00FFB81460191BAF1000F76D17E
:1044A000A36BD3F8A02012F4FE0F03D100200FB0AD
:1044B000BDE8F08FD3F8A420970141BF04F58051E7
:1044C000D1F8A8240132C1F8A824D3F8A4205606B4
:1044D000ECD0D3F8A450A66AC5F30525482302AF53
:1044E0004FF0000803FB05663846FFF78FFC326883
:1044F00051004ABF22F06043C2F38A4343F00043B5
:10450000920048BF43F080430293736813F4001392
:104510001BBF012304F580528DF815308DF815303E
:104520001EBFD2F8C8340133C2F8C834B6F806B09A
:104530000BF00F0B8DF814B0584600F05DFB5FFADE
:1045400088F3834242D3A36BBAF1000F49D1C3F879
:10455000A85006A809ADFFF75FFCCDF8189097E8C2
:104560000F0007C52B802046019B06A90793002357
:10457000ADF82030236804F580549B6B984798B3BE
:10458000D4F8A0340133C4F8A03401208FE7BAF185
:10459000010F8BD1A36BD3F8B02012F4FE0F85D09E
:1045A000D3F8B420950141BF04F58051D1F8A82477
:1045B0000132C1F8A824D3F8B42050063FF476AFF6
:1045C000D3F8B450E66AC5F3052587E703F138024E
:1045D000334408F101080DEB02011B7A01F82C3C71
:1045E000AAE7C3F8B850B4E7D4F8A4340133C4F848
:1045F000A434CAE72DE9F04105460E4600F5805483
:10460000012731462846FFF73FFF60B9D4F8B83498
:10461000D4F864040133C4F8B83438B10368BDE891
:10462000F0411B69184784F86374EAE7BDE8F0813C
:10463000836BF0B51A6C12F47F0F2BD01B6C00F556
:10464000805441F278054FF0010CC4F8BC340023CB
:10465000471900EB43125E012A44117911F0020F51
:1046600015D0490713D4B959866B0CFA01F1D6F865
:10467000CCE011EA0E0F0AD0C6F8D410117941F03F
:1046800004011171D4F89C240132C4F89C24013334
:10469000202BDED1F0BD000038B5264D0346264C58
:1046A000286808B343B3236D98050FD54FF4007302
:1046B000236500F0FFF902460B4652EA030102D0DF
:1046C000013A63F100032868FFF76EFE1A4A2B686F
:1046D000116D890128D54FF0007103F580531165E4
:1046E000012283F869241FE0012323651023236539
:1046F0004FF48053236538BD236DD90702D4236D51
:104700005A0704D5052300212365FFF773FF236DA6
:10471000DB0602D4236D5C0606D5074B502201212F
:104720001A652868FFF766FF2868BDE83840FFF77C
:104730007FBF00BF405F002000A0004008B53023CD
:1047400083F31188FFF774FF002383F3118808BDFA
:10475000836BD3F8C00010F07C5005D0D3F8C400B0
:1047600080F40010C0F340507047000008B53023BB
:1047700083F3118800F58050406DFFF701F90023A5
:1047800083F3118840090CBF0120184608BD0000C2
:1047900000F5805393F8692462B1816B8A6922F035
:1047A00001028A61D3F8AC240132C3F8AC240022A0
:1047B00083F86924704700002DE9F743302181F325
:1047C0001188002500F5835141F2780E4FF0010861
:1047D00000F5805C00EB45147444267977071CD4FF
:1047E000F6061AD58E6908FA06F9866BD6F8CC70EB
:1047F00019EA070F11D04F6801970F689742019F80
:104800009F410AD2C6F8D490267946F00406267154
:10481000DCF898440134CCF8984401352031202D3F
:10482000D8D1002383F3118803B0BDE8F0830000E2
:10483000F8B51E4600230F46054613701446FFF7D1
:1048400095FF80F0010038701EB12846FFF780FF09
:104850002070F8BD2DE9F04F85B00E468046174612
:10486000019391F8009092F800A0DDE90EB3029355
:1048700000F020F9337805460C462BB93B781BB97C
:10488000002005B0BDE8F08F2A4623464046FFF7DA
:1048900093FFFFF753FFFFF77BFF019B3A4631463B
:1048A000FFF7C6FF337823B1B9F1000F01D0012023
:1048B000E7E73B7813B1BAF1000FF8D108F5805360
:1048C00003935D45029B9C41DAD2039BD3F86404B9
:1048D0000028D5D00368ABEB05011B689847019B06
:1048E0003A4631464046FFF7A3FF337813B1B9F19A
:1048F000000FDCD13B7813B1BAF1000FD7D100F033
:10490000D9F805460C46DCE708B50020FFF7C4FEE1
:10491000BDE8084003F008BC08B50120FFF7BCFE65
:10492000BDE8084003F000BC036800211B6818477D
:10493000043008B505F054F8012008BD10B521B1C8
:104940000368BDE810405B681847043005F01CF8A8
:10495000012010BD043005F039B80000044B10B53B
:10496000044640F8043B04F0CDFF204610BD00BFD4
:1049700038C7000810B5084C01220849002002F091
:1049800031FF23783BB1064804F030FB044804F0C3
:104990006BFB0023237010BD445F0020E4C50008BA
:1049A000286400202DE9F041234C244D236DBBB930
:1049B00001224FF4004104F1500006F08DF9236DFF
:1049C0001B686BB901224FF4805104F1500006F0CE
:1049D00083F9236D1B681BB900202870BDE8F081A6
:1049E0002B780BB1FFF7C6FF0324154F4FF00008DB
:1049F000114E13493046C7F8048004F027FB3046B7
:104A000004F056F938B1013C0B4804F02DFB14F0CA
:104A1000FF04EED1E0E70B4901220B4802F0E2FE71
:104A2000014618B1044804F0E1FAECE7074800F049
:104A30000FF80120D1E700BF28640020445F002068
:104A400034230020E4C50008485F0020E6C50008C4
:104A50000FB4002004B0704700B59BB0EFF309819C
:104A600068226846FEF77EFBEFF30583014B9B6BE4
:104A7000FEE700BF00ED00E008B5FFF7EDFF000026
:104A800000B59BB0EFF3098168226846FEF76AFB28
:104A9000EFF30583014B5B6BFEE700BF00ED00E029
:104AA000FEE700000FB408B5029805F0A5F8FEE790
:104AB00005F0B0BF05F092BF0139C9B202299EBF0F
:104AC00000EBC1000023C0E9013370472DE9F84332
:104AD0001E461B88054688465B0705D400F10C047A
:104AE00000F12409A14502D10120BDE8F88354F862
:104AF000083C13B954F8043C6BB12B6828465B6B37
:104B000098473388C1B254F8047C43F0040342460A
:104B100054F8080CB8470834E4E7000073B56C4655
:104B200084E80600014600224E68551C66B98E686E
:104B300056B900EBC200021D94E8030082E80300AE
:104B400001201D7002B070BD032D2A4601F108013D
:104B5000EAD10020F6E700002DE9F04F89B00446C5
:104B60008B4600F10C05BDF8488000F124090027B0
:104B700008F0040AA94503D1012009B0BDE8F08F6F
:104B800055F8083C13B955F8043C63B1BAF1000F6D
:104B90000BD1236820465B6B98474346C1B25A4607
:104BA00055E90206B0470835E4E717BB00220023A9
:104BB0000BF1080CADF80870CDE900235B4603AAA1
:104BC0001868083353F8041C1746634503C73A4670
:104BD000F6D1186838609B88BB80FFF76BFF042311
:104BE000ADF808302368CDE900019B6B694620468B
:104BF00098470127D7E700000E2809D8DFE800F022
:104C00001515151515151515150A0C0E101214008D
:104C1000402070470C2070471020704714207047C8
:104C20001820704720207047302070470E2809D880
:104C3000DFE800F01515151515151515150A0C0EDC
:104C400010121400402070470C207047102070474D
:104C5000142070471820704720207047302070477C
:104C60002DE9F043456A35B94162BDE8F083CEF8DD
:104C700000100B60F9E74E68AE462B4626F0604CFC
:104C8000C6F38A47C6F3807817EA260738BF674617
:104C90005C6894EA060F24F060420CD5002C1EDA02
:104CA000920CBA4201D0BA420FD99D42DFD10D60B9
:104CB000DAE71346ECE7944505D104F08049C4F3E4
:104CC0008074444507D19445EFD31A689E46002A64
:104CD000EFD11960C9E7B9F1000FF6D0E5E7BA42A4
:104CE000F3D0E0E72DE9F047089E01F007054FF407
:104CF0007F4900EBD1014FEAD6082A4406F00706A7
:104D0000954201D1BDE8F08705F0070C06F0070ACF
:104D1000501BEC08D44567460C5D38BF574604FA73
:104D20000CF4C7F1080724FA0AF4874228BF0746A3
:104D300008EBD60029FA07FC13F800E03D443E4496
:104D40005FFA8CFC8EEA04044CFA0AFC04EA0C04B8
:104D50008EEA040E03F800E0D2E7000080EA0120AA
:104D6000082341F2210201B2013B4000002980B238
:104D7000B8BF504013F0FF03F5D1704738B50C466B
:104D80008D18A54200D138BD14F8011BFFF7E6FFCE
:104D9000F7E700000346406848B1026899895A6005
:104DA0005A89013292B291425A8138BF9A81704732
:104DB00070B588B0044620220D4668460021FEF7F3
:104DC000F1F920460495FFF7E5FF024660B16B4616
:104DD000054608AE1C46083503CCB44245F8080C1D
:104DE00045F8041C2346F5D1104608B070BD0000FC
:104DF0002DE9F843078C0446072F1ED900254FF6EE
:104E0000FF73D0E90298C5F12006A5F1200029FA28
:104E100005F1083508FA06F628FA00F03143014397
:104E20001846C9B2FFF79AFF402D0346EBD13A4628
:104E3000E169BDE8F843FFF7A1BF4FF6FF70BDE899
:104E4000F883000010B54B6823B9CA8A63F30902DE
:104E5000CA8210BD04691A681C600361C38A013BE1
:104E6000C3824A60EFE700002DE9F84F1C46CB8A69
:104E700080460F46C3F309009146052803462ED00D
:104E800000221A319DB296B2042D11D8B44203F11A
:104E9000010308D80444FB8AC4F30904012064F325
:104EA0000903FB8219E019F802500132CD54E9E7F9
:104EB000B442EFD9A0F1050A1C237D68BAFBF3F2D6
:104EC00003FB12AA1FFA8AF295BB4046FFF762FF66
:104ED000054630B978606FF00200BDE8F88F002613
:104EE000E8E70022026078604FF0000AB44242D93D
:104EF000D31C901B2B4425E001311D4689B22B6841
:104F0000002BF9D1631F03441C20B3FBF0F30133E2
:104F10009BB29942E8D2BAF1000FE5D14046FFF7C3
:104F200039FF38B1C0F800A0524628600546DBE7DB
:104F30000121E4E7C5F800A0CDE719F80610013615
:104F400003F8011F10FA86F11FFA86FB89B21B29AC
:104F500003D85C45F1D85E46C8E75C45FBD94046BE
:104F6000FFF718FF28B1C0F800A00022286005460E
:104F7000F1E72860AFE7FB8A1C448CE72DE9F74F87
:104F80001C465B69074688460092002B00F0B580FE
:104F9000238C2BB1E269002A00F0AF80072B4AD89E
:104FA00007F10C00FFF7F6FE054620B96FF002008E
:104FB00003B0BDE8F08F14220021FEF7F3F8228C35
:104FC000E16905F10800FEF7CDF8208C013080B2D0
:104FD00008280DD90C2824D9102824D9142824D91C
:104FE000182824D9202824D9312834BF0E200F2096
:104FF000FFF71CFE0138294680B220840130287456
:1050000038466369228C1B782A4403F01F0363F03F
:105010003F03137248F000436B60FFF721FE01204D
:10502000C6E70920E4E70A20E2E70B20E0E70C20CE
:10503000DEE70D20DCE702330722C18A9BB206338C
:10504000B3FBF2F3828A9BB2521A92B29342ADD86A
:10505000002500F10C034FF08009AA462E4601936B
:10506000238CB34201D128B2A2E70198FFF792FE48
:10507000834600289AD014220021FEF793F856B9EF
:10508000009B0222ABF808300BF1080C218CB142D6
:1050900003D890B20BE00022F6E7E169895D0136A2
:1050A0000CF802100132B6B290B20728EED10130EE
:1050B000228C013580B2B24208BF4FF04009FFF7A1
:1050C000B5FD6269013812781BFA80F1013002F0F7
:1050D0001F0242EA4A128AF0010A49EA02024FF02C
:1050E00000090A7248F000428BF810005946384611
:1050F000CBF80420FFF7B4FDB2E76FF0010057E7EB
:10510000F8B515460E463022002104461F46FEF72C
:1051100049F8B5F5001F069B04F1100034BF6A0979
:105120004FF6FF72636095B2079B06EB4212A760D1
:10513000A362E661964206D100230360A582E38262
:105140002383E360F8BD066030462036F2E70000B6
:1051500003781BB94BB2002BC8BF01707047000029
:1051600000787047F8B50C46C969074609B9238C21
:10517000B3BB257E1F2D33D83B7823BB228C072A57
:105180002BD8268A032E2BD84FF6FF703602FFF756
:10519000F5FD20F0010046EA05664FF6FF72400477
:1051A000400C46EA4025234629463846FFF7E6FEEE
:1051B000002807DD626913780133DBB21F2B88BF3B
:1051C00000231370F8BD228A2D06204645EA0225E9
:1051D0001D43FFF70DFE0246E5E76FF00300F1E720
:1051E0006FF00100EEE7000070B58AB00446164685
:1051F0000021282268461D46FDF7D4FFBDF838304F
:1052000069462046ADF810300F9B05939DF840305D
:105210008DF81830119B0793BDF84830CDE9026531
:10522000ADF82030FFF79EFF0AB070BD2DE9F041C8
:10523000D36905460C4616460BB9138C5BBB377E0B
:105240001F2F28D895F80080B8F1000F26D03046DF
:10525000FFF7CEFD337821020246284641EAC331EA
:10526000338A41EA080141EA076141EA03413346D2
:1052700041F08001FFF782FE00280ADD3378012B20
:1052800007D1726913780133DBB21F2B88BF00236B
:105290001370BDE8F0816FF00100FAE76FF00300D2
:1052A000F7E70000F0B58BB004460D461746002125
:1052B000282268461E46FDF775FF9DF84C302946AA
:1052C00020465A1E534253416A468DF800309DF8DD
:1052D0004030ADF81030119B05939DF848308DF8A3
:1052E0001830149B0793BDF85430CDE90276ADF821
:1052F0002030FFF79BFF0BB0F0BD0000406A00B10B
:1053000004307047436A1A68426202691A60036196
:10531000C38A013BC38270472DE9F843D0F820903F
:1053200014461E46184F49464FF0000809B9BDE81B
:10533000F883D1E90252651B66EB0202AF4278EBBB
:1053400002021ED2036A8B420DD1FFF77BFD036A76
:105350001B68036203690B60C38A0161013B016A38
:10536000C3828946E2E7FFF76DFD0B68C9F800309C
:1053700003690B60C38A0161013BC382D9F8001045
:10538000D4E789460968D1E780841E002DE9F04FF3
:105390008BB00D4614468246DDF8508004930028F9
:1053A00000F01881B8F1000F00F01481531E3F2B5C
:1053B00000F21081012A03D1049B002B40F00A81E6
:1053C000BAF814B00023B5EBCB0F4FEACB07CDE909
:1053D000083303D300200BB0BDE8F08F2B199F4298
:1053E000DAF80C3034BF7F1B2746039338BFFFB277
:1053F0001BB9DAF81030002B75D0272D49D8C5F12C
:10540000280600232946B742009308ABDAF80800C3
:105410002CBFF6B23E46A7EB0609354432465FFA8A
:1054200089F9FFF75FFC0BF1005B2821ABF1050B5D
:105430004FEACB0B039B13B1B9F1000F2CD1DAF873
:10544000100040B1B9F1000F05D008AB4A46691A07
:105450000096FFF747FC38B2002FBBD067070AD091
:105460000AAB624203EBD40102F0070211F8083CD8
:10547000134101F8083C082C3CD9102C40F2B580AF
:10548000202C40F2AD80049B002B00F09780082375
:1054900033E0B9460026C6E75B46E02B28BFE02391
:1054A00006930B44AB42059315D95A1B0398691A0E
:1054B0000096914508AB00F1040034BF4A46D2B2D1
:1054C0000792FFF70FFC079A16441544A9EB020256
:1054D000F6B25FFA82F9069B0599ABEB030B039BCF
:1054E0001B680393A6E700933A4608AB2946DAF80F
:1054F0000800AEE7049B93B10123B4EBC30F62D065
:10550000082C11D89DF82030621E23FA02F2D6072B
:1055100005D54FF0FF32A24013438DF820309DF89F
:10552000203088F8003056E7102C11D8BDF8203014
:10553000621E23FA02F2D50705D54FF0FF32A240D2
:105540001343ADF82030BDF82030A8F8003042E712
:10555000202C0ED8089A631E22FA03F3D90704D52B
:105560004FF0FF33A34013430893089BC8F8003063
:1055700031E7402C31D0631EC4F12106A4F1210291
:10558000DDE9085125FA03F301FA06F621FA02F2E1
:1055900033431343DB0711D50123A4F12002C4F1E7
:1055A000200603FA02F223FA06F6A34032435B42D6
:1055B00062EB42022B430A43CDE90832DDE90823BE
:1055C000C8E9002307E7082CA9D0102CBBD0202C59
:1055D000F4D1CAE76FF00100FDE66FF00800FAE6CB
:1055E000049B002BC1D0042387E7049B002BAAD087
:1055F000022382E7012A30B5144638BF012285B064
:105600000025402A28BF4022012CCDE902550ED8A2
:105610001B788DF8083004AB544203EBD20504F03C
:10562000070415F8083CA34005F8083C06E0082CE0
:105630000CD81B788DF808305307ECD10346009145
:1056400002A80021FFF74EFB05B030BD102C03D897
:105650001B88ADF80830EFE7202C95BF1B68D3E915
:1056600000450293CDE90245E6E7000010B5CB689E
:105670001BB98B600B618B8210BD04691A681C60BA
:105680000361C38A013BC382CA60F0E703064CBFD3
:10569000C0F3C0300220704708B50246FFF7F6FF9E
:1056A000022806D15306C2F30F2001D100F00300F7
:1056B00008BDC2F30740FBE72DE9F04FD1F80080A9
:1056C00097B004460D464046CDE90623FFF7DEFFBE
:1056D0000228039014BFC8F306260026B8F1000F75
:1056E00080F2FA8118F0C04A40F0F681097B002967
:1056F00000F0F281039B022B03D02378B34240F0E9
:10570000EE8108F07F03404629440493FFF7C4FF6D
:10571000049B002291F803B04FEA8349039B059054
:1057200049EA0349002349EA46695FEADB1649EA88
:105730000009CDE90C2379D0049B02460CA9204630
:105740000093039B6768B847002800F0CB81276A65
:10575000002F59D1494604F10C00FFF729FB0746F9
:10576000002800F0F08027626B7B0BF01F090A9382
:10577000BB7E0B93FB7DC3F38403A3EB0900A9EB72
:1057800003031FFA80FC0028B8BF0CF1200C08901E
:10579000B8BF0FFA8CF01FFA83FCB8BF0890002B3B
:1057A000B8BF0CF1200C0993D7E90212B8BF0FFA69
:1057B0008CF3D7F804C0B8BF099351EA020E00F089
:1057C000AA81069B4FF0000E591A079B63EB020259
:1057D000B04B8B427EEB0203C0F09D81DDE90A30C5
:1057E000834240F08B81002E36D0089B012B00F3C2
:1057F0009281BCF1000F40F08E81A74888427CEB7B
:105800000202C0F0848130E03B699945ACD03F682A
:10581000002FF9D1494604F10C00FFF7C9FA0746F9
:10582000002800F09080236A3B609CE7276A77B9E4
:10583000049B0CA9059A20460093039B6568A84722
:10584000C0F57F40F43000B217B0BDE8F08F3B697F
:10585000994589D03F68EAE78F4B8B4276EB02028D
:1058600003D26A7BBB7E9A4239D1C8F30468002E0A
:1058700037D01BF0400F34D0069B1422002111A812
:10588000BB60079BFB60FDF78DFC069B0EA92046C5
:105890000E93079B8DF851900F932B1D8DF852801E
:1058A00010932B7B013BDBB2ADF84C30059BADF880
:1058B0004E30039B8DF85030049B8DF8533094F894
:1058C0002C3083F001038DF85430A3689847FB7D9A
:1058D000C3F38403013303F01F039B02FB82002008
:1058E000B2E7FB7DCBF34012B2EBD31F40F0FD805B
:1058F000C3F384034B4540F0FB802B7B002E51D03B
:10590000032B40F2F880069BAE1D394604F10C00D3
:10591000BB603246079BFB60FB8A6FF30903FB8287
:105920002B7B033BDBB2FFF79FFA00280EDA3946E8
:105930002046FFF787FAFB7DC3F38403013303F0AE
:105940001F039B02FB826FF002007DE7AB88DDE95D
:105950000C843B834FF6FF73CAF12000AAF12002AA
:1059600028FA0AF10AF1080A04FA00F024FA02F20D
:10597000014318461143C9B2FFF7F0F9BAF1400FDD
:105980000346E9D1B88231462A7B033AD2B2FFF707
:10599000F5F9FB7DB882DA43C2F3C01262F3C71394
:1059A000FB759CE7013B5FEA9B1BDBB20ED12E1D12
:1059B000394604F10C003246FFF756FA0028B6DBF0
:1059C0002A7B3146B88A013AD2B2E0E7FA8AC2F3BA
:1059D0000902042A62D86BB1E91C07F11B0011F817
:1059E00001CF013600F802C00132F6B2052A01D01B
:1059F0009E42F4D3069A9E4205F104010E9238BFEE
:105A00000436079A2CBF002655FA86F60F9207F146
:105A10001B0210927A6812961192FA8A8DF85190B0
:105A2000C2F309028DF852801344ADF84C30059B47
:105A3000ADF84E30039B8DF85030049B8DF85330F9
:105A400094F82C3083F001038DF854300023B88A89
:105A50007B602A7B013AFFF791F93B8BB882834246
:105A600003D1A3680EA92046984720460EA9FFF748
:105A7000FDFDFB7DBA8AC3F38403013303F01F03EA
:105A80009B02FB823B8B9A4214BF6FF010000020F8
:105A9000DAE600BF80841E0040420F0078680028CC
:105AA000A8D0052101E01C3130460668002EFAD14D
:105AB000521A05F1030CD11C014402EB0A005FFAF3
:105AC0008AF61B2896D89E4294D21CF8010F0AF140
:105AD000010A01F8010FF0E76FF00900B4E66FF07A
:105AE0000A00B1E66FF00B00AEE66FF00D00ABE61A
:105AF0006FF00E00A8E66FF00F00A5E6144888428C
:105B00007EEB0202BFF4EBAE002E3FF4AAAE099B7F
:105B10000F2B3FF7A6AEFA7D4FEA8B03394620469E
:105B200002F0030203F07C031343FB75FFF78AF9CD
:105B30006B7BBB76002E7FF494AEFB7D6FF00C0088
:105B4000C3F38402013262F38603FB757CE600BF77
:105B500040420F000068704703460068596870476C
:105B60000B0A017043700B0C090E8370C1707047F3
:105B7000110A027003714170110C120E8170C27013
:105B80001A0A42711A0C1B0E8271C3717047000011
:105B9000C36A0239023B8B4283BF4389006C01FB1D
:105BA0000300002070470000034600F10B010020B5
:105BB000C20142EA500213F8010B50FA82F28B4202
:105BC000D0B2F5D17047000010B5427804460020ED
:105BD000013203465201022B17BFC103032341EADE
:105BE0005001E05C03F101031CBF10FA81F188B29F
:105BF0009A42F0D810BD0000036893B11A4612F81B
:105C0000011B1F290AD93A29F9D11978302908D15D
:105C100002339A4205D1026000207047024B187887
:105C200070474FF0FF3070479861002038B50D463F
:105C3000044618B9092000232B6038BD0368002BE7
:105C4000F8D01A78002AF5D08188DA889142F1D10B
:105C5000587804F0EBF910F00100EBD12368EBE782
:105C600038B5C3780446C3B100F14C05826C0123FA
:105C70004078294604F000FA88B9A16CA36B226B26
:105C8000CB1AE070934208D2A378022B05D10A44C4
:105C900001232946607804F0EFF9002038BD012087
:105CA000FCE7000038B50D4640F25231144602F0D0
:105CB00089F9FF2807D9012C0BD9030A022468703F
:105CC0002B70204638BD30B1002CFAD0012428704A
:105CD000F7E70024F5E70446F3E700002DE9F84371
:105CE0000025076806460C468D76836B002B48D04E
:105CF0003B78042B4AD12B462E464FF0400821E03A
:105D0000B8F5187F25D218F01F0F05F1010508BF5F
:105D100008F1020832F8080008F102082BB900F572
:105D2000205292B2B2F5006F0BD306F11A01C6F100
:105D3000FF0240EA03402144FFF7B4FF48B10644A4
:105D4000002003463A6992F82310A942D8D803B933
:105D500016B93F230126A37600232644B376637346
:105D60003A69137903F03701DB0621730BD402F192
:105D70003800FFF7F1FEC4E9000193896381D389FC
:105D80002381BDE8F88300200146F4E7C36C0133AA
:105D90004ED1F16B00232E264D1E184615F8012F0B
:105DA0000130202A0CD0052A08BFE522092804D199
:105DB0000B2B9EBFE71801337E73E71801337A730C
:105DC0000B28EBD1E21800205073A27E002A3BD1B1
:105DD0008BB304F10C0308255A78581C002A42D1D1
:105DE0001B1B0C3B2AE0B9F1000F05D100F5205335
:105DF0009BB2B3F5006F0BD308F11A01C8F1FF0293
:105E000040EA09402144FFF74DFF40B180440020A3
:105E100002358146FB68585B0028E4D14046B9F161
:105E2000000F4FF0000218BF002023189A76B0E749
:105E3000A946A846EEE73F23A37601232344002288
:105E40009A760B7B03B96373CB7A01F11C0003F0E4
:105E50003F0323730023FFF77DFE20606360CB8A3E
:105E600063810B8B8CE72E2A134609D0413A192AFD
:105E700003D80A7B154200D0203343730346ABE7B7
:105E80001025FAE738B50546002435F8020B08B9A5
:105E9000204638BD02F0C8F8E303C2B2C0F30720C1
:105EA00043EA540312FA83F3C3F34E0444EAC334BF
:105EB00010FA84F4A4B2E8E7C2F307238A76CB761B
:105EC0000378032B01BF120C0A75120A4A7570473A
:105ED00038B5836C05460C468B4210D0FFF7C0FEE8
:105EE00060B92246012305F14C01687804F0A0F85E
:105EF00000281CBF4FF0FF340120AC6438BD0020E7
:105F0000FCE7000038B500230446C3704FF0FF33B0
:105F10008364FFF7DDFF00284BD1B4F84A524AF6FC
:105F200055239D4207D10B22254904F14C00FBF774
:105F30002BF800283FD094F84C30EB2B03D01833CB
:105F4000DBB2012B2ED84AF655239D4206D10822FA
:105F50001C4904F19E00FBF717F848B3B4F857301A
:105F6000B3F5007F1ED194F85930DBB15A1E1A42A6
:105F700018D1B4F85A30ABB194F85C30013B012B26
:105F800010D8B4F85D306BB1B4F85F307F2B06D811
:105F900004F16C00FFF7DEFDB0F5803F02D3B4F8EA
:105FA000623053B94AF65520854214BF03200220BF
:105FB00038BD0420FCE70120FAE70020F8E700BF25
:105FC00011C600081DC6000802392DE9F04701F08E
:105FD00007044FF0010A466C05460AFA04F4174616
:105FE000984606EB1136C1F3C809E4B2314628469B
:105FF0000136FFF76DFF18B10120BDE8F087994623
:1060000005EB090292F84C30234214BF0121002114
:10601000414513D06340013F82F84C3085F803A01E
:10602000EBD0640014F0FF04EAD109F1010301246C
:106030004FF00009B3F5007FE1D3D7E70220DCE79A
:106040000129F8B50C4640F28C800668F36A8B4251
:1060500040F287803378013B032B00F28280DFE837
:1060600003F00229384B01EB5105B16B304601EBCF
:106070005521FFF72DFF10B14FF0FF30F8BD6F1C19
:10608000C5F30805B16B3046354401EB572195F84F
:106090004C50FFF71DFF0028EED1C7F30807374427
:1060A00097F84C3045EA0320E3074CBF0009C0F3E2
:1060B0000B00E3E7B16B304601EB1421FFF708FF5B
:1060C0000028D9D1640004F4FF743444B4F84C00BF
:1060D000D4E7B16B304601EBD411FFF7F9FE00288D
:1060E000CAD1A40006F14C0004F4FE742044FFF76A
:1060F00031FD20F07040C1E7D0E90431C57953EAA1
:10610000010201D0826802B95DBB8268022D7789E5
:10611000A4EB02020CD1013B41F1FF315B0A43EADF
:10612000C153B3FBF7F39A421BD81CD0601CA5E700
:10613000032D02D183699342F8D8C3699BB9B16B2F
:10614000304601EBD411FFF7C3FE002894D1A00024
:106150004C3600F4FE703044FFF7FCFC20F00040A9
:106160008CE701208AE76FF0004087E7F8B5056803
:1061700006460C462B78042B14BF4FF400124FF048
:1061800080528A4201D80220F8BDCA06FBD182683B
:10619000016312BB022B12D82B89B3EB541FF2D927
:1061A000E86BC6E90D200028EDD000EB54204C35FB
:1061B000C4F30804B06300202544F563E4E7EB6B07
:1061C000C271002BE8D06F891A467F02BC4211468B
:1061D00005D22846FFF7DCFCE3E71346F3E7304639
:1061E000FFF72EFF431C024606D00128CBD9EB6AED
:1061F0008342C8D9E41BE9E70120C5E701292DE95D
:10620000F84306460C46154608D9C36A8B4205D9A1
:106210000378022B5BD003D8012B20D0022068E04A
:10622000033B012BFAD8816B01EBD411FFF750FE31
:1062300000285ED13346A40013F84C2B04F4FE74FE
:10624000042A07D0181925F07045FFF783FC00F0E9
:106250007040054329461819FFF782FC2BE001EB3B
:106260005107816B01EB5721FFF732FE002840D127
:1062700014F0010406F14C0807F10109C7F30807FF
:10628000EBB230461FBF18F8072002F00F0242EAB7
:106290000313DBB208F807300123B16BF37001EB95
:1062A0005921FFF715FE20BBC9F308093CB1C5F31E
:1062B000071508F8095001230020F37019E018F8B9
:1062C0000930C5F3032523F00F031D43F1E7816B6C
:1062D00001EB1421FFF7FCFD58B9640006F14C03F3
:1062E00004F4FF741D551A19C5F3072501235570D1
:1062F000F370BDE8F8830000F8B504460E46174673
:10630000E3690BB91846F8BD012BA6EB030520681D
:1063100014BFAA1C3A46691CFFF770FF0028F2D18F
:10632000E369013BE361EBE770B5C3790446032BF6
:1063300001D0002070BD81688369CD18A94202D1C7
:106340000023E371F5E74E1C20683246FFF756FF45
:106350000028EFD13146F1E701292DE9F84306463F
:106360000C461746056802D80220BDE8F883EB6AA0
:106370008B42F9D97AB9A14621463046A046FFF7AB
:106380005FFE0446B0B92B78042B02D1002F44D114
:10639000F7710020E9E72B78042B02D1C379022B97
:1063A000E9D04FF0FF3239462846FFF727FF002893
:1063B000E1D0DAE70128D7D0421C01D10120D4E78F
:1063C0002B78042B10D1EA6AAB69023A934213D3BB
:1063D00008F10102A24203D02B78042B13D0A1466E
:1063E000EB6AA342C8D8CEE7002241462846FFF711
:1063F00005FF0028E7D0B8E70133AB612B7943F004
:1064000001032B71E4E70023A2EB09024946284669
:10641000FFF7DAFD0028E2D0A7E7F3798BB9B4687B
:10642000BC4202D10223F371B3E721463046FFF7A5
:1064300007FE012898D9431CC0D001348442EFD014
:10644000A7E7032BA5D1B368BB42A2D8B269134416
:10645000BB42E7D29DE700002DE9F84305460E4612
:10646000FFF7FEFB0446002849D105F14C093146EF
:1064700028464FF40072FFF78BFB2146A8640746BD
:106480004846FCF78FFE6C896402B4F5004F28BFC4
:106490004FF40044B4F5007F2FD9204604F06EFA83
:1064A000804688B122460026640A0021FCF77AFE65
:1064B0006B899E420AD3404604F070FA6889801BBB
:1064C00018BF0120BDE8F8836408E3E72346BA1942
:1064D0004146687803F0D0FD0028ECD12644E7E778
:1064E00001366B899E42E9D20123BA194946687880
:1064F00003F0C2FD0028F3D0E0E70026F1E7012019
:10650000E0E70000F8B50446FFF7AAFB05460028BF
:1065100042D12378032B37D12779012F34D104F1CD
:106520004C0601464FF400723046FCF73BFE552303
:106530004122722184F84A32AA2304F50D7084F8AE
:106540004F2084F84B32522384F8301284F84C30B8
:1065500084F84D30612384F8311284F84E3084F889
:106560003332A16984F83222FFF7FAFA616904F53F
:106570000E70FFF7F5FA626B3B46314601326078E8
:10658000A26403F079FD257100226078114603F0C2
:1065900097FD003818BF0120F8BD00002DE9FF412C
:1065A00000230F4616460B60FFF726FB051EC0F2C0
:1065B000B5817E4B53F82540002C00F0B1813C6042
:1065C00006F0FE0623786BB1607803F02FFDC70755
:1065D00008D40EB1460703D4002004B0BDE8F08112
:1065E0000A20FAE7E8B200236070237003F00AFD86
:1065F000C50700F197810EB14107F1D40021204673
:10660000FFF780FC022840F095806E4604F21223CA
:1066100004F25221324618461033FFF79BFA42F833
:10662000040B8B42F7D1002556F8041B002978D0C3
:106630002046FFF767FC012874D80128A26C40F0BF
:10664000BB8004F156010B2311F8015F002D76D1B8
:106650000133402BF8D1B4F8B430B3F5807F6ED15C
:1066600094F8B830092B6AD104F19400FFF774FA5A
:106670004FF0FF33161841F10001B34275EB0103EF
:106680005DD304F1A000FFF765FA94F8BA302063F7
:10669000012BA37053D194F8B900834098B2608164
:1066A00000284CD004F1A800FFF754FA8046404877
:1066B000804544D808F1020062639BB2E06204F1B5
:1066C000A400FFF747FA871804F19C002764FFF73E
:1066D00041FA024408FB03F0A263C01945EB05032D
:1066E000864271EB03032AD32E4604F1AC00FFF778
:1066F00031FAE06365B96389B34220D9E16B204682
:10670000FFF746FA81192046FFF7E2FB80B9013610
:10671000631993F84C30812B13D02035C5F308054D
:10672000E8E703200135042D7FF47EAF042806D16D
:10673000012052E70428FBD001287FF67EAF0D2010
:106740004BE705F1140004F14C063044FFF702FA60
:1067500001280546F3D9E36A8342F0D96189821E94
:10676000236C02FB01336364A16B204601EBD5115E
:10677000FFF7AEFB0028DBD105F07F0006EB8000C1
:10678000FFF7E8F9421C03D00135A842ECD0D6E768
:106790000425C4E90500074A2570138801339BB21C
:1067A0001380E3800023E36116E700BF9C610020B3
:1067B000FDFFFF7F9A610020B4F85730B3F5007FEA
:1067C000BDD1B4F8621021B904F17000FFF7C2F92D
:1067D000014694F85C5021636B1EA570012BAED866
:1067E00094F85980A4F80A80B8F1000FA7D008F1F6
:1067F000FF3313EA080FA2D1B4F85D703B0727817D
:106800009DD1B4F85F0018B904F16C00FFF7A2F94C
:10681000B4F85A30002B92D001FB05FC03EB171E95
:10682000E64470458BD3A0EB0E054545B5FBF8F665
:1068300085D33D48864282D84FF6F57086425CD8B3
:1068400040F6F575AE428CBF022501250236134491
:1068500002EB0E00032DE6626263A36320644ED157
:10686000B4F876303B437FF46AAFB30004F17800AC
:10687000FFF770F903F2FF13E063B1EB532FFFF45E
:106880005EAF4FF0FF33032DC4E905334FF08003B3
:10689000237180D1B4F87C30012B7FF47CAF511C84
:1068A0002046FFF715FB00287FF475AFB4F84A22A5
:1068B0004AF6552320719A427FF46DAF1B4B04F1C9
:1068C0004C00FFF747F998427FF465AF03F1FF539F
:1068D00004F50C70FFF73EF903F50053203398429E
:1068E0007FF459AF04F50D70FFF734F9A06104F59A
:1068F0000E70FFF72FF960614DE70325A6E7002F23
:106900003FF41DAF022D03EB0C004FEA46031EBF00
:106910009B1906F0010606EB5303ABE70B205CE680
:106920000C205AE6032058E6F5FFFF0F5252614152
:106930002DE9F84F06460568884649B96F69C7B121
:10694000EB6ABB4298BF0127AB69A3B9002405E0FD
:10695000FFF776FB0128044603D801242046BDE852
:10696000F88F421C00F0D580EB6A8342F6D8474688
:10697000EAE70127E8E72A78EB6A042A40F08380F7
:10698000A7F1020A023B4FF0010B9A4528BF4FF0D6
:10699000000AD146696C284601EB1931FFF798FAD5
:1069A00000283BD109F00703EA6AC9F3C8010BFAD2
:1069B00003F3901EDBB26A184C4609F1010992F804
:1069C0004C20814502EA030233BF5B0000234FF4F1
:1069D0000071DBB228BF9946B2B90234631E03339B
:1069E000BCD80123214628461A46FFF7EDFA0228B3
:1069F000B3D0012800F08D80B8F1000F13D102232D
:106A0000F3710028A9D130E0CA450AD0002BD2D1B9
:106A10000131B1F5007FBDD20123CCE74FF0FF3447
:106A2000DCE70024DAE7F379022B07D17B1CA342D1
:106A3000E7D0B368FB1AB3610323F37108F10102D5
:106A4000F369A24205D113B10133F361D9E70223FF
:106A5000FBE70BB90123F361224641463046FFF7BD
:106A60004BFC002852D10123F361EA6AAB69023A78
:106A70006C6193429CBF03F1FF33AB612B7943F010
:106A800001032B716AE7474515D17C1C3046A342B0
:106A900098BF02242146FFF7D3FA01283FF45DAFE7
:106AA000431C36D0F8B1D5F81490B9F1010F02D9D2
:106AB000EB6A994500D3B9464C460134EB6AA342D0
:106AC00004D8B9F1010F3FF441AF0224214630460A
:106AD000FFF7B6FA48B101283FF43FAF013018D0B4
:106AE0004C45EAD132E7002CE5D04FF0FF32214689
:106AF0002846FFF783FB48B9B8F1000FB5D022460E
:106B000041462846FFF77AFB0028AED001287FF4E3
:106B100024AF4FF0FF3421E72DE9F843066804461F
:106B2000076B894633782037042B14BF4FF40013CA
:106B30004FF08053BB429CBF00238363836B73B1D0
:106B4000C7F30808B8F1000F3CD10133416B8363F0
:106B500041B93389B3EB571F34D80023A363042012
:106B6000BDE8F8837389013B13EA57232AD1FFF765
:106B700067FA0128054601D80220F1E7421C01D13D
:106B80000120EDE7F36A834216D8B9F1000FE4D093
:106B9000616B2046FFF7CCFE0546C8B10128EBD05B
:106BA000431CEDD001463046FFF756FC0028E7D1E4
:106BB000E37943F00403E371294630466563FEF749
:106BC000E7FFA0634C36002027634644E663C7E72F
:106BD0000720C5E7F8B50E46002104460768FFF711
:106BE000C5FA98B90546A16B3846FFF771F968B93F
:106BF0003A78E36B042A1B780CD11B060ED50546A8
:106C000001212046FFF788FF0028ECD0042808BFA8
:106C1000072006E0E52B01D0002BF0D10135B5426D
:106C2000EED1F8BDC16CF8B54B1C04460568066B87
:106C30001CD10127A16B2846FFF74AF990B92B78A0
:106C4000E26B042B0ABF1378E52303F07F03137074
:106C5000EF70236BB3420DD200212046FFF75CFF9B
:106C60000028E7D0042808BF022003E0FFF77EFADF
:106C70000028DED0F8BD0000F8B504460068A16B1E
:106C80000569FFF725F920B9E36B1A78852A01D049
:106C90000220F8BD2A4603F1200153F8040B8B4271
:106CA00042F8040BF9D16E7801367601A6F1600343
:106CB000B3F5007FECD800212046FFF72DFF042814
:106CC000E6D00028E5D1A16B2068FFF701F9002884
:106CD000DFD1E36B1A78C02ADAD105F1200203F183
:106CE000200153F8040B8B4242F8040BF9D195F8BC
:106CF00023300F222C33B3FBF2F3B6EB431FC7D381
:106D0000402700212046FFF707FF0428C0D00028B5
:106D1000BFD1A16B2068FFF7DBF80028B9D1E36B86
:106D20001A78C12AB4D1EA1903F1200153F8040BEF
:106D30008B4242F8040BF9D12037BE42E1D82846F5
:106D4000FEF742FF6B88181A18BF01204000A0E729
:106D50000B68002210B5036004460B6A83604B6A1F
:106D6000C261C37123F0FF03896AC0E90432C164C0
:106D7000FFF7FCF920B92046BDE81040FFF77CBFC3
:106D800010BD0000F8B50368054601271C692046C0
:106D9000FEF71AFFA070000A6678E0702846E96CDA
:106DA000FFF7E4F920B1022828BF0220C0B2F8BDE5
:106DB000A96B2868FFF78CF80028F4D1EB6B04F17D
:106DC000200254F8041B944243F8041BF9D12B68A9
:106DD000DF70002EE7D000212846013EFFF79CFE21
:106DE000E0E700002DE9F843FF2704460668042089
:106DF0003D46A16B11B9D8B1042062E03046FFF7DF
:106E000067F800285DD1E06B0378002BF4D032786E
:106E1000042A10D1852B4ED1236B2046E364FFF763
:106E20002BFF00284DD133691B7903F03F03A37179
:106E30000020BDE8F883C27AE52B02F03F02A27180
:106E400044D02E2B42D022F0200108293ED00F2A18
:106E500041D1590638D503F0BF05236B477BE36466
:106E6000437BBB4232D1428B82BB03780D21D6F8E3
:106E70000CE04FF6FF7923F04003DFF86C80013B14
:106E80004B43012118F801CB30F80CC001B3FF2BA4
:106E90001CD82EF813C06146013301320D2AF1D1FE
:106EA0000278520605D521B1FF2B0FD800222EF80B
:106EB0001320013DEDB200212046FFF72DFE0028F2
:106EC00097D00023A363B4E7AB42C9D0FF25F2E714
:106ED000CC45E2D0FAE71DB9FEF766FEB842A7D06E
:106EE0004FF0FF33E364A3E7D0C700082DE9F04F6C
:106EF000002187B00446D0F80090FFF737F98046AC
:106F000098BB99F80030042B36D1D9F80C00FEF765
:106F1000B9FF07462046FFF765FF054608B18046E2
:106F200023E0D9F810309A8CBA42F3D193F823B009
:106F300040265D4510D0F106D9F8103008BF023662
:106F4000985B01F071F8D9F80C30824633F81500DF
:106F500001F06AF882450CD0EBB29B45DAD1D9F842
:106F60000C3033F81530002BD4D1404607B0BDE8C3
:106F7000F08F02360135DCE74FF0FF334FF0FF0AA8
:106F8000E364554604F140030293A16B4846FEF7C3
:106F90009FFF00285DD1E66B3778002F77D0F27A1B
:106FA000E52F02F03F03A37103D0120705D50F2B85
:106FB00005D04FF0FF33E3644FE00F2B54D194F82A
:106FC0004B305B063FD4780645D5236B07F0BF07EF
:106FD00096F80DA0E364737B53453ED1738B002B71
:106FE0003BD135780122D9F80C3005F03F05DFF8A8
:106FF000A8B001930D23013D5D431BF8013BF35AFB
:107000006AB3FF2D29D81846059301F00DF8019BAE
:10701000691C049033F81500039101F005F8049AF7
:1070200082421AD1059B03991A460D46194B9B457E
:10703000E3D13378590604D51AB1019B33F81530E2
:107040005BB9013FFDB200212046FFF765FD002836
:107050009BD0804689E7BD42BDD0FF25F3E74FF6C0
:10706000FF718B42E2D0F8E72DB93046FEF79CFD68
:1070700050453FF47AAF94F84B30DB0799D40B229C
:1070800002993046F9F780FF002892D16DE74FF062
:1070900004086AE7DDC70008D0C700082DE9F04FF3
:1070A00090F84BB099B004461BF0A00540F06B81FE
:1070B0000668F26832F81530002B4AD13378042B79
:1070C00040F086800F230E352046B5FBF3F5A91C52
:1070D000FFF780FD8146002874D10135236BA3EBB7
:1070E0004513E364E3795F0735D523F004032046B5
:1070F000E371FFF719F950BB4FF0FF32616B204687
:10710000FFF7FAF818BBA3682BB3214604A8FFF7D2
:107110001FFEE0B970894FF40071D4E90423E0FB4D
:1071200001233069C4E904233830FEF721FD3069BA
:10713000D4E904232830FEF71BFDE379326904A863
:1071400043F0010382F82130FFF71CFE18B181469D
:1071500038E00135AEE7D6E903543F220021671C31
:107160003846FCF71FF88523012040222370C023F6
:107170004FF0C10E84F82030002319469846561C63
:1071800004F802E0023204F8068020B135F813005A
:1071900008B10133DBB2060AA054BE540232D6064F
:1071A000F3D135F8136001F1010C7EB902312846A4
:1071B00084F823306170FEF765FE84F82400000A2D
:1071C00084F82500484619B0BDE8F08F6146D6E73F
:1071D00004F140070DF110081BF0010F97E80700BC
:1071E00088E8070000F0D78040234FF0010A84F8B8
:1071F0004B30BC46F368BAF1050F98E80700ACE8DD
:1072000003002CF8022B4FEA12428CF800205DD9C3
:10721000981E524630F8021F002946D1C446072165
:1072200002F00F0E914612090EF13000392888BF86
:107230000EF1370001390CF8010D02D0B9F10F0F32
:10724000EED801F160037E200DEB030202F8580C2A
:1072500004F13F0000228A4206D010F801CF02F16B
:10726000010EBCF1200F33D13F3204F1470C224410
:10727000072997BF01F16003202001310DEB0300C6
:1072800098BF10F8580C02F8010F9445F0D1204631
:10729000FFF72CFE8146002878D10AF1010ABAF1E5
:1072A000640FA6D14FF007098CE74FF0100C01F0E6
:1072B000010E49080EEB4202D30344BF82F4883228
:1072C00082F02102BCF1010CF1D1A3E75246A5E7FF
:1072D0007246C0E7216B2046A1EB4511FEF746FF41
:1072E000814600287FF46EAF4FF6FF783846FEF7F0
:1072F0005BFC0190A16B3046FEF7EAFD8146002859
:107300007FF460AFE36BE9B2019A4FF00D0CD6F851
:107310000CE05A734FF00F02DFF8E0A0DA724A1E59
:1073200018730CFB02F284469876D87640451AF81A
:10733000019B0CF1010C18BF3EF8120003EB090B86
:1073400018BF013203F809004FEA1029002808BFCE
:107350004046BCF10D0F8BF80190E7D1404502D0BB
:107360003EF812200AB941F04001197001230021B2
:107370002046F370FFF7D0FB814600287FF422AF50
:10738000013DB7D11BE04FF006091BE704287FF44D
:1073900019AF84F84BB01BF0020F20461BBF0C3511
:1073A0000D230125B5FBF3F518BF01352946FFF77D
:1073B00011FC814600287FF405AF013D8AD1A16B05
:1073C0003046FEF785FD814600287FF4FBAE01467E
:1073D0002022E06BFBF7E6FEE36B03CF18605960F9
:1073E000BA7839889A72198194F84B30E26B03F0BD
:1073F000180313730123F370E4E600BFD0C700083D
:1074000010B504460A463430FEF7A4FB886004F148
:107410003800FEF7A1FBC2E9040194F8213003F023
:107420000203D3710023D36110BD000003284B8BEE
:1074300004BF8A8A43EA0243184670472DE9F04F99
:107440000B7899B0054689462F2BD0F800B001D0B3
:107450005C2B09D14A461378914601322F2BFAD082
:107460005C2BF8D0002301E0DBF81C300022AB607D
:10747000EA619BF80020042A1ED1EBB1DBF8203032
:10748000294604A82B62DBF824306B62DBF8283035
:10749000AB62FFF75DFC0346002840F04B81DBF850
:1074A000102002F13800FEF755FBC5E9040392F8FD
:1074B000213003F00203EB7199F800301F2B00F22A
:1074C000F88080230021284685F84B3019B0BDE8AC
:1074D000F04FFEF74BBE2F2800F075815C2800F0BE
:1074E00072817F2808D801469B480093F9F724F958
:1074F000009B002840F02B81FF2F00F0288123F80B
:1075000017400137D8E0022F03D15A882E2A00F005
:10751000E68003EB470206E032F8021D202901D085
:107520002E2902D1013F002FF6D14FF0000103EBCD
:10753000470223F81710002F00F00981002033F8CC
:10754000106001460130202EF9D009B92E2E02D14B
:1075500044F00304E4B232F8020D2E2801D0013FBA
:10756000F9D14FF020324FF0000A6A64D0462A6405
:10757000C5F847200822481C33F811600090002EFF
:1075800000F0FA80202E04D02E2E07D1B84200F051
:10759000E98044F00304E4B20099ECE7924580F0FE
:1075A000E4800099B94213D10B2A08D1E0E0009998
:1075B000B94204D044F00304E4B200F2DD804FEAA3
:1075C00088080B224FF0080A00975FFA88F8E3E773
:1075D0007F2E3ED944F002013046CDE90232CBB2D3
:1075E00040F25231019300F0EDFC10F0800F06469E
:1075F000DDE9023214D000F07F0658498E5D46B1B5
:1076000031465748CDE90232F9F796F8DDE9023202
:1076100008B301995F2641F00301C9B2019110E05E
:10762000FF28ECD9511E8A4504D344F00304924646
:10763000E4B2B1E705EB0A01000A0AF1010A81F898
:10764000400005EB0A01019C0AF1010A81F8406043
:10765000A2E70194D4E7A6F1410189B2192902D821
:1076600048F00208EDE7A6F1610189B219299EBF31
:10767000203E48F00108B6B2E3E7002A08BF052023
:1076800058E05A0755D4AB79DB0662D59BF8000069
:10769000042852D1AB682946EA792B622B69DBF8C2
:1076A000100023F0FF0313436B62EB6CAB62FFF738
:1076B000A7FE2B680027DB6819F8010B58B140F2D0
:1076C0005231009300F09CFC044600283FD01F2854
:1076D000009B3FF600AF0424012F7FF414AF1A88FB
:1076E0002E2A7FF416AF002205F13F0123F8172060
:1076F00013469F4294BF20222E2201330B2B01F808
:10770000012FF6D144F02004E4B2284685F84B401E
:10771000FFF7ECFB95F84B300028B2D0042809D1D4
:10772000990603F00402A8D5002AC2D0802385F868
:107730004B30002019B0BDE8F08F2B6B0BF14C01E2
:10774000C3F308031944FFF771FEA860B1E70620F0
:10775000F0E70520EEE700BF26C6000850C7000886
:107760002FC600089245FFF41FAF0B2A7FF41FAF0E
:1077700044F003040B22E4B295F84030E52B04BF3B
:10778000052385F84030082A04BF4FEA88085FFACD
:1077900088F808F00C030C2B03D008F00303032B2C
:1077A00002D144F00204E4B2A007AED448F30003CF
:1077B00018F0040F03F0100343EA0403DCB218BF0F
:1077C00044F00804A1E74A461478914601322F2C70
:1077D000FAD05C2CF8D01F2C8CBF00240124A4000C
:1077E0007AE700BF1FB5CDE9001003A81446039146
:1077F000FEF702FA002815DB0B4A52F820300BB1D5
:1078000000211970019B0BB10021197042F8203042
:107810002CB1002201A96846FEF7C0FE04462046AE
:1078200004B010BD0B24FAE79C6100202DE9F04F55
:1078300099B0174605460191002800F0428102F0F8
:107840003F0A03A901A85246FEF7A8FE04460028F5
:1078500040F0E280039E4FF48C60049603F08EF8B3
:107860008046002800F02F8100F50073F060019938
:1078700004A83361FFF7E2FD044620B99DF95B30AF
:10788000002BB8BF062417F01C0F00F08680002CD8
:1078900047D0042C40F0BC8004A8FFF7FFFB04464F
:1078A000002840F0B5804AF0080A1AF0080F337833
:1078B0007FD0042B3FD1346929462E602046FFF744
:1078C0009FFD1E220021A01CFBF76CFC30690021EB
:1078D0001A222630FBF766FC336920221A713469BC
:1078E00003F0CCF80146012208342046FEF738F9AF
:1078F000336904A883F82120FFF744FA04460028DE
:1079000040F08680A96849B102462846FEF724FD6A
:10791000AF680446013F7761002C79D14AF0400AF4
:1079200047E09DF8163013F0110F40F0C6807C0739
:10793000BBD508246CE003F0A1F802460146139879
:107940000E30FEF70DF9139811461630FEF708F9C0
:1079500013993078FFF76AFD202300220746CB7287
:1079600030461399FEF7A8FA139B00221A775A772C
:107970009A77DA770123F370002FCFD0394604A825
:10798000D6F84890FEF7E8FC0446002840D1494666
:107990003046FEF79DFA0446BCE7002C38D19DF82E
:1079A0001630D80600F18780B90702D5DA0700F152
:1079B0008480B36C1399AB64E9643078042831D1C6
:1079C000069B29469DF817202B62089B306923F0FF
:1079D000FF0313436B62179BAB62FFF711FDF38844
:1079E0000024002205F15009AB80002321464846BF
:1079F0002E6085F830A085F831406C64C5E90E230F
:107A00004FF40072FBF7CEFB1AF0200F15D10024C3
:107A1000404602F0C3FF0CB100232B60204619B092
:107A2000BDE8F08FFFF702FD0023A86001F11C0004
:107A3000FEF790F86B612861D1E7D5E9047A57EA3F
:107A40000A03E4D0B6F80AB0A9684FEA4B2BBB454D
:107A500074EB0A03C5E90E7A10D22846FEF7F0FA55
:107A6000B7EB0B0701466AF1000A01281FD9431C36
:107A70001FD0BB4574EB0A03EFD300242964002C0C
:107A8000C6D1C7F30803002BC1D03046FEF780F8FB
:107A9000A8B17F0A0123494647EACA57C2196A6456
:107AA000707802F0C5FA041E18BF0124B0E7022462
:107AB000E4E70124E2E70424AAE70724A8E7022474
:107AC000A6E70924AAE71124A8E700002DE9F04F52
:107AD0009A4687B00023884605A90446CAF80030B4
:107AE0001646FEF7A3F8054690BB94F831507DBBCF
:107AF00094F8303013F00103019300F0AB80D4E927
:107B00000432D4E90E011B1A62EB0102B34272F196
:107B1000000238BF1E4604F150030293C6B1D4E9F7
:107B20000E01C0F30803002B40F08580DDF81490AF
:107B3000430AB9F80A2043EAC153013A1A401AD15C
:107B4000014309D1A06801280DD8022584F83150DD
:107B5000284607B0BDE8F08F216C20460392FEF75F
:107B60006FFA039AEFE7431C04D10123019D84F8C7
:107B70003130EDE72064216C4846FEF709F8002813
:107B8000E3D0B6F5007F02EB000733D3B9F80A1053
:107B900002EB56204FEA562B884299F8010088BF25
:107BA000A1EB020B3A4641465B4602F041FA00283F
:107BB000DBD194F93020002A0BDA606CC01B5845E9
:107BC00007D24FF4007204F1500108EB4020FBF79C
:107BD000C9FA4FEA4B27DAF80030F61BB8443B44A9
:107BE000CAF80030D4E90E32DB1942F10002C4E9D0
:107BF0000E3293E7626CBA421CD094F9303004F133
:107C0000500199F80100002B0CDA0123039102F0D6
:107C100033FA0028A9D194F83030039903F07F0398
:107C200084F8303001233A4699F8010002F000FA56
:107C300000289AD16764A16B4046029BC1F30801FA
:107C4000C1F500771944B74228BF37463A46FBF7DB
:107C500089FAC0E707257BE770B596B00E4600228B
:107C6000019002A901A8FEF799FC0446E0B94FF47F
:107C70008C6002F083FE0546D8B1029B00F50072CD
:107C80000199D86002A81A61FFF7D8FB044640B9F1
:107C90009DF95330002B0ADB1EB1314602A8FEF7D6
:107CA0001DF8284602F07AFE204616B070BD062464
:107CB000F7E71124F8E700002DE9F041B8B00222FF
:107CC000019003A901A8FEF769FC044608BB039EC6
:107CD0004FF48C60109602F051FE0546002865D0E6
:107CE00000F50073F060019910A83361FFF7A6FB5F
:107CF000044658B99DF88B309A0655D41B0653D4C8
:107D00009DF8468018F0010F07D00724284602F09E
:107D100045FE204638B0BDE8F08134780496042C46
:107D200013D104A93069FFF76BFB069F18F0100F01
:107D300011D110A8FEF776FF04460028E6D157BB04
:107D40003046FEF7DFFB0446E0E71F992046FFF7C9
:107D50006DFB0746EAE7F369BB42D6D0042C4FF02F
:107D6000000124A82496269701BFDDE90823CDE968
:107D700028239DF817308DF89730FEF7F7F9044661
:107D80000028C3D124A8FFF72DF804460028BCD052
:107D90000428BBD1CDE70246394604A8FEF7DCFA39
:107DA00004460028B2D1CBE70624AFE71124B0E7A0
:107DB0002DE9F041BCB0CDE900106846FDF71CFF8D
:107DC000022203A901A8FEF7E9FB0446002840D1DE
:107DD000039E4FF48C60149602F0D0FD05460028F7
:107DE00000F0ED8000F5007314AFF06001993846A3
:107DF0003361FFF723FB044640BB9DF89B3013F033
:107E0000A00F40F0D8803378DDF80080042B67D1D4
:107E1000336904AC03F1400C1868083353F8041CB0
:107E20002246634503C21446F6D15022394628A89B
:107E3000FBF798F9414628A8FFF700FB0446002805
:107E40004BD12A9A169B9A4207D00824284602F062
:107E5000A5FD20463CB0BDE8F081349A209B9A42B3
:107E6000F3D128A8FFF71AF904460028EED13369A8
:107E70000DF1100C93F8018093F823E09C8C62467E
:107E8000083303CABA4243F8080C43F8041C94466A
:107E9000F5D1336928A883F80180336983F823E09A
:107EA000336983F82440240A83F825403269137922
:107EB000D9065CBF43F020031371FEF763FF04464D
:107EC0000028C3D13846FEF7ADFE04460028BDD1D8
:107ED0003046FEF717FB0446B8E70428B6D1C0E7E2
:107EE000239A04AB02F1200C1068083252F8041CEB
:107EF0001C46624503C42346F6D15022394628A8C1
:107F0000FBF730F9414628A8FFF798FA0446002805
:107F10004DD12A9A169B9A4297D1349A209B9A4225
:107F200093D128A8FFF7BAF8044600288ED13799D4
:107F30000DF11D030DF12D0001F10D0253F8044B5D
:107F4000834242F8044BF9D118884FF001081080A1
:107F50009B7893709DF81B30DA0658BF43F02003DE
:107F6000CB7286F80380CB7ADB06ABD5169A2A9BB8
:107F70009A42A7D03078FFF759FA01463046FDF70C
:107F800007FE0146C8B13046FDF7A2FF04460028AF
:107F90007FF45CAF96F86D302E2B93D12A9A06F1C0
:107FA0006C013046FDF788FF86F803808AE70428D5
:107FB0007FF44CAFB5E7062448E7022446E71124D6
:107FC00047E700007F2801D880B27047B0F5803FB6
:107FD00011D240F2523399420DD1084A002332F8AF
:107FE000021B814201D19BB202E00133802BF6D10A
:107FF0008033D8B270470020704700BF90CA000895
:108000007F280DD940F25233994208D1FF2806D873
:1080100000F10040034B803833F810007047002017
:10802000704700BF90CA0008B0F5803FF0B522D27B
:1080300083B21F4A1F49B3F5805F38BF0A46141D3B
:1080400034F8042C2146AAB1934213D334F8025CCD
:108050002E0AEFB252FA85F5A84223DA082E09D883
:10806000DFE806F0050A10131517191B1D00801A0A
:1080700034F810301846F0BD9A1A02F001029A1A2C
:1080800093B2F7E7103B9BB2F4E7203BFBE7303BB2
:10809000F9E71A3BF7E70833F5E7503BF3E7A3F5B9
:1080A000E353F0E70434002ECAD101EB4702C6E7E0
:1080B000E0C700089CC80008EFF30983054968334E
:1080C0004A6B22F001024A6383F30988002383F399
:1080D0001188704700EF00E0302080F3118862B60D
:1080E0000D4B0E4AD96821F4E0610904090C0A43DA
:1080F0000B49DA60D3F8FC2042F08072C3F8FC2010
:10810000084AC2F8B01F116841F001011160202235
:10811000DA7783F82200704700ED00E00003FA05EB
:1081200055CEACC5001000E0302310B583F31188A4
:108130000E4B5B6813F4006314D0F1EE103AEFF3CA
:1081400009844FF08073683CE361094BDB6B236665
:1081500084F3098801F002FD10B1064BA36110BD44
:10816000054BFBE783F31188F9E700BF00ED00E062
:1081700000EF00E03F0400084204000808B5074B88
:10818000074A196801F03D01996053680BB1906886
:108190009847BDE80840FFF7C7BF00BF0000024096
:1081A000A061002008B5084B1968890901F03D015C
:1081B0008A019A60054AD3680BB110699847BDE8F7
:1081C0000840FFF7B1BF00BF00000240A0610020DF
:1081D00008B5084B1968090C01F03D010A049A60C2
:1081E000054A53690BB190699847BDE80840FFF70D
:1081F0009BBF00BF00000240A061002008B5084BF3
:108200001968890D01F03D018A059A60054AD36914
:108210000BB1106A9847BDE80840FFF785BF00BF63
:1082200000000240A061002008B5074B074A5968CA
:1082300001F03D01D960536A0BB1906A9847BDE8DF
:108240000840FFF771BF00BF00000240A06100209E
:1082500008B5084B5968890901F03D018A01DA60C7
:10826000054AD36A0BB1106B9847BDE80840FFF789
:108270005BBF00BF00000240A061002008B5084BB2
:108280005968090C01F03D010A04DA60054A536B94
:108290000BB1906B9847BDE80840FFF745BF00BFA2
:1082A00000000240A061002008B5084B5968890D04
:1082B00001F03D018A05DA60054AD36B0BB1106C01
:1082C0009847BDE80840FFF72FBF00BF00000240FD
:1082D000A061002008B5074B074A196801F03D016D
:1082E0009960536C0BB1906C9847BDE80840FFF75C
:1082F0001BBF00BF00040240A061002008B5084B6E
:108300001968890901F03D018A019A60054AD36C18
:108310000BB1106D9847BDE80840FFF705BF00BFDF
:1083200000040240A061002008B5084B1968090C40
:1083300001F03D010A049A60054A536D0BB1906D3E
:108340009847BDE80840FFF7EFBE00BF00040240B9
:10835000A061002008B5084B1968890D01F03D01A6
:108360008A059A60054AD36D0BB1106E9847BDE837
:108370000840FFF7D9BE00BF00040240A061002002
:1083800008B5074B074A596801F03D01D960536EA3
:108390000BB1906E9847BDE80840FFF7C5BE00BF1F
:1083A00000040240A061002008B5084B5968890903
:1083B00001F03D018A01DA60054AD36E0BB1106FFE
:1083C0009847BDE80840FFF7AFBE00BF0004024079
:1083D000A061002008B5084B5968090C01F03D0167
:1083E0000A04DA60054A536F0BB1906F9847BDE8F5
:1083F0000840FFF799BE00BF00040240A0610020C2
:1084000008B5084B5968890D01F03D018A05DA600D
:10841000054AD36F13B1D2F880009847BDE80840F1
:10842000FFF782BE00040240A061002000230C4A36
:1084300010B519460B4C42F8043B54F82300016078
:1084400042F813100433402BF7D1074A4FF0FF33A3
:108450009360D360C2F80834C2F80C3410BD00BF7A
:10846000A061002090CB00080000024011282DE9F7
:10847000F041884611D004D8102810D10F240020D4
:1084800003E0122807D10F2407202D4F4FF0010CD5
:108490003D68A04205D900204DE00724EFE70446DF
:1084A000F3E70CFA00F6354247D107EBC004354339
:1084B000C4E90123F3B23D6073B1224BD3F8D84035
:1084C00044F00104C3F8D840D3F8004144F001045B
:1084D000C3F80041D3F8003116F47F4F0ED0194B8A
:1084E000D3F8D84044F00204C3F8D840D3F8004190
:1084F00044F00204C3F80041D3F800310501124CE6
:108500006359186820F01F001860186810F0010007
:10851000FBD166194FF03D0C96F80CE071680CFA2F
:108520000EF70F601860212058611AB14146B07BE8
:1085300000F050FB6019BDE8F0810130A9E700BFF1
:10854000A06100200044025890CB000810B53024F0
:1085500084F31188FFF78AFF002383F3118810BD8D
:1085600010B50446807B00F04BFB1649637B01226B
:108570009A400B6823EA0203DAB20B6072B9124A1E
:10858000D2F8D81021F00101C2F8D810D2F80011A9
:1085900021F00101C2F80011D2F8002113F47F4F3D
:1085A0000ED1094BD3F8D82022F00202C3F8D8200C
:1085B000D3F8002122F00202C3F80021D3F80031E1
:1085C00010BD00BFA06100200044025808B5302350
:1085D00083F31188FFF7C4FF002383F3118808BDDC
:1085E000836CC26A8B42506806D9013B4A0003EB98
:1085F0004103B3FBF2F318447047000001F001039C
:108600008A0748BF43F002034A0748BF43F0080304
:108610000A0748BF43F00403CA0648BF43F01003EB
:108620008A06426B48BF43F020031A4342637047F7
:1086300010B5074C204600F0FDFC064B0022C4E9B3
:108640001023054BA364054BE363054BE36410BDA6
:10865000286400200024024800B4C40428620020DA
:1086600024620020C36A0BB9104BC3620379012B4B
:1086700011D10F4B98420ED10E4BD3F8DC2042F4AF
:108680000072C3F8DC20D3F8042142F40072C3F86E
:108690000421D3F80431436C00221A65DA621A60AF
:1086A0005A605A624FF0FF329A63704790CC0008CC
:1086B00028640020004402580379012B29D0436C20
:1086C00000221A65DA621A605A605A624FF0FF326D
:1086D0009A63104B98421CD10F4BD3F8842042F47C
:1086E0000072C3F88420D3F8842022F40072C3F807
:1086F0008420D3F88420D3F8DC2022F40072C3F85D
:10870000DC20D3F8042122F40072C3F80421D3F84A
:1087100004317047286400200044025810B5446CAE
:108720000649FFF75DFF6060236842F2107043F076
:1087300003032360BDE8104001F0DEBA801A060092
:1087400070B5456C0129074E6C6808BF064904EAFC
:10875000060418BF0549FFF743FF044344F480545F
:108760006C6070BD00ECFFFF80F0FA0240787D0184
:10877000436C00225A601A6070470000426C012965
:10878000536823F4404304D0022905D001B9536053
:10879000704743F48043FAE743F40043F7E70000EF
:1087A000436C41F480519A60D9605A6B1206FCD533
:1087B00080229A637047000010B541F48851446CE0
:1087C000A260E160616B11F04502FBD0A26311F081
:1087D000040203D0FFF712FF012010BD61691046AB
:1087E0001960FAE710B541F48851446CA260E16069
:1087F000616B11F04502FBD0A26311F0050203D0BA
:10880000FFF7FCFE012010BD616910461960FAE710
:108810002DE9F041302304460F46164683F31188B4
:10882000436CDB6B23B14FF0FF31403001F070FA45
:10883000606C00220265C263C262456B15F48075EC
:1088400004D185F311880120BDE8F0814FF0FF339A
:10885000836382F31188012F06D9334620460C2109
:10886000BDE8F041FFF7BEBF1046EDE72DE9F0414E
:10887000446C0F4600251646616BA1632565E562D1
:10888000FFF7BCFE012F06D933462A460C21BDE86E
:10889000F041FFF7A7BFBDE8F081000010B541F43B
:1088A0009851446CA260E160616B11F04502FBD00D
:1088B000A26311F03F0203D0FFF7A0FE012010BD1C
:1088C000216A10461960E1695960A169996061697E
:1088D000D960F4E72DE9F34104460191006D01A947
:1088E00016461F4602F010FA00284BD0636C4FF476
:1088F0007A72A06C5D68DDF80480C5F30905013566
:108900006D00B0FBF5F0B0FBF2F05043586220462A
:1089100000F04EFB60BB636C4FF0FF32E56C3946F4
:10892000C3F858804FF001082046C3F850809A637E
:108930004FF49572DA6342F207029E62DA622B46C6
:10894000089AFFF74FFF98B92A680F4B13407BB97D
:108950002A4641462046FFF75BFF054640B93246AE
:108960000199206D02F00AFA284602B0BDE8F081B4
:10897000E26C01212046FFF779FF32460199206D14
:1089800002F0FCF90125EFE708E0FFFD2DE9F743D0
:108990001F46436C856C04465E68884601924FF41E
:1089A0007A72C6F3090601367600B5FBF6F5B5FB1B
:1089B000F2F555435D6200F0FBFA002847D14FEA1B
:1089C000472901A9206D4A4602F09EF900283ED0B1
:1089D000656C019BE66CAB6501232B654FF0FF33A3
:1089E000AB634FF49573EB63236BC5F82890DB06FC
:1089F000334658BF4FEA4828012F42461BD912215F
:108A00002046FFF7EFFEC0B93268124B1340A3B9FE
:108A100042F29303324639462046EB62FFF7F8FEF6
:108A2000054650B94A460199206D02F0A7F928463B
:108A300003B0BDE8F0831121E2E7E26C394620463D
:108A4000FFF714FF4A460199206D02F097F90125BE
:108A5000EDE700BF08E0FFFD2DE9F3411F46436C41
:108A6000856C04465E68884601924FF47A72C6F3BC
:108A7000090601367600B5FBF6F5B5FBF2F5554370
:108A80005D6200F095FA002843D17E0201A9206DB5
:108A9000324602F08BF900283BD0656C019BAB6538
:108AA00001232B654FF0FF33AB634FF48D73EB6302
:108AB000236BAE62DB06E66C58BF4FEA4828012FF5
:108AC000334642461AD919212046FFF78BFEB8B922
:108AD0003268114B13409BB942F29103324639463A
:108AE0002046EB62FFF794FE054648B90199206DD8
:108AF00002F09AF9284602B0BDE8F0811821E3E7B8
:108B000039462046E26CFFF7B1FE0199206D02F074
:108B10008BF90125EEE700BF08E0FFFD12F0030F1F
:108B20002DE9F04107460C4615461E4617D00E4467
:108B3000B44202D10020BDE8F0810123FA6B214646
:108B40003846FFF723FF0028F5D128464FF400727E
:108B5000F96B05F500750134FAF704FBE8E7BDE8A9
:108B6000F041FFF713BF000012F0030F2DE9F041B1
:108B700007460C4615461E4617D00E44B44202D195
:108B80000020BDE8F08129464FF40072F86B05F52E
:108B90000075FAF7E7FA0123FA6B21463846FFF72A
:108BA0005BFF0028EDD10134E8E7BDE8F041FFF7B5
:108BB00053BF000000207047302310B583F31188A5
:108BC0000024436C40302146DC6301F0AFF884F3AD
:108BD000118810BD090100F16043012203F56143D2
:108BE000C9B283F8001300F01F039A4043099B00A9
:108BF00003F1604303F56143C3F880211A607047B5
:108C000000F01F0301229A40430900F160409B00DD
:108C100000F5614003F1604303F56143C3F8802030
:108C2000C3F88021002380F8003370470379052BB7
:108C300005BF836A002001204B6004BF4FF400731E
:108C40000B60704770B55D1E866A04460D44B542E0
:108C500005D9436B43F080034363012070BD0625B3
:108C60000571FFF75BFF05232371F7E770B55D1E04
:108C7000866A04460D44B54205D9436B43F0800330
:108C80004363012070BD07250571FFF76DFF0523C4
:108C90002371F7E738B505790446052D05D108237A
:108CA0000371FFF787FF257138BD0120FCE7000045
:108CB0000323F0B5037185B00446FFF72FFD0022B2
:108CC00020461146FFF76CFD4FF4D57203AB082127
:108CD0002046FFF787FD0246B8B901232363039BB3
:108CE00003F47063B3F5807F09D103AB37212046CD
:108CF000FFF778FD18B9A54B039A1340A3B120469E
:108D00000125FFF735FD0223ADE003AB002237213B
:108D10002046FFF767FD28B99C4A039B1A40002AAA
:108D200000F0A58002232363236B03F00F03022BC3
:108D300040F0A7806425964E42F2107000F0DCFFF0
:108D400003AB324601212046FFF736FD0028D6D17D
:108D5000039B002B80F291805A0003D5236B43F0D4
:108D600010032363002204F1080302212046FFF7C9
:108D700095FD02460028C2D104F1380303212046A4
:108D8000FFF730FD0028BAD104F11805A26B0921C4
:108D900020462B46FFF782FD0028B0D102ABA26B24
:108DA00007212046FFF71EFD06460028A7D1236BAA
:108DB00003F00F03022B40F08D807E227F21284696
:108DC00003F08AF9012840F28580E76B42F21070C7
:108DD00000F092FF08234FF40072394620460096B7
:108DE000FFF778FD00288AD1384603F0C1F9236BDC
:108DF000A06203F00F03022B70D103AB654A06217A
:108E00002046FFF7EFFC00286FD16049039B194013
:108E1000B1FA81F149092046FFF792FC02AB4FF409
:108E2000007210212046FFF7DDFC054600287FF484
:108E300066AF564E029B33427FF461AF236B13F053
:108E40000E0F73D003F00F03022B7FF458AFE36AC9
:108E50001978012900F08F80022900F09380002901
:108E600040F0928005232846237105B0F0BD1146DD
:108E700020462263FFF794FC56E7013D7FF45CAF88
:108E80003DE7454D6426454A404F012B08BF154636
:108E900003AB002237212046FFF7A4FC00287FF413
:108EA0002EAF039B3B427FF42AAF03AB2A46292116
:108EB0002046FFF781FC00287FF421AF039B002BA5
:108EC000FFF64AAF013E3FF41AAF42F2107000F0D5
:108ED00013FFDDE7284603F01FF988E77E227F2194
:108EE0002846E66B03F0F8F808B9002193E7002361
:108EF00040223146204600930623FFF7EBFC002872
:108F0000F3D1B3895BBA9B07EFD5254B402231469D
:108F1000204600930623FFF7DDFC0028E5D1317CD5
:108F200001F00F010F3918BF012174E7E36A1978C6
:108F3000002997D001297FF4E2AE2046FFF71EFCFE
:108F400003ABA26B37212046FFF74CFC00287FF4CF
:108F5000D6AE039B33427FF4D2AE03AB022206218E
:108F60002046FFF73FFC00287FF4C9AE039B334245
:108F70003FF478AFC3E60B4F2046FFF7FFFB03AB90
:108F80003A46ECE7084FF7E7084FF5E708E0FFFD42
:108F90000080FFC00001B903000010800080FF5076
:108FA000F1FFFF800001B7030002B7030000B70321
:108FB00037B504460C4D01ABA26B0D212046FFF7DF
:108FC00011FC78B9019B2B420BD1C3F34323042B33
:108FD00008D0053B022B04D84FF47A7000F08CFEC9
:108FE000E9E7012003B030BD08E0FFFD70B5302394
:108FF000044683F311880379022B4FF0000303D159
:1090000083F3118800250CE00422027183F3118898
:10901000FFF7CEFF05460226204625B1FFF7A8FB45
:109020002671284670BDFFF7A3FB2671EAE7000012
:10903000FFF7FEBA044B036001230371002343636F
:10904000C0E90A33704700BF98CC000810B5302340
:10905000044683F31188C162FFF704FB022300205A
:10906000237180F3118810BD10B53023044683F3BB
:109070001188FFF721FB00230122E362227183F3B1
:10908000118810BD026843680A43026003B11847A3
:109090007047000013B5406B00F58054D4F8A43835
:1090A0001A681178042914D1017C022911D1197987
:1090B000012312898B4013420BD101A94C3002F0DD
:1090C0003BFFD4F8A4480246019B2179206800F0B8
:1090D000DFF902B010BD0000143002F0C3BE000082
:1090E0004FF0FF33143002F0BDBE00004C3002F0F0
:1090F0008FBF00004FF0FF334C3002F089BF0000FB
:10910000143002F091BE00004FF0FF31143002F035
:109110008BBE00004C3002F05BBF00004FF0FF320E
:109120004C3002F055BF00000020704710B500F52C
:109130008054D4F8A4381A681178042917D1017C16
:10914000022914D15979012352898B4013420ED13F
:10915000143002F023FE024648B1D4F8A4084FF4BC
:10916000407341790068BDE8104000F07FB910BD40
:10917000406BFFF7DBBF0000704700007FB5124B6C
:1091800001250426044603600023057400F18402CF
:1091900043602946C0E902330C4B0290143001931E
:1091A0004FF44073009602F0D5FD094B04F694424B
:1091B000294604F14C000294CDE900634FF440735A
:1091C00002F096FE04B070BDBCCC0008719100089E
:1091D000959000080A68302383F311880B790B33CC
:1091E00042F823004B79133342F823008B7913B1F3
:1091F0000B3342F8230000F58053C3F8A418022370
:109200000374002080F311887047000038B5037F95
:10921000044613B190F85430ABB90125201D02214A
:10922000FFF730FF04F114006FF00101257700F023
:10923000A3FD04F14C0084F854506FF00101BDE827
:10924000384000F099BD38BD10B501210446043006
:10925000FFF718FF0023237784F8543010BD000077
:1092600038B504460025143002F08CFD04F14C00A2
:10927000257702F055FE201D84F854500121FFF798
:1092800001FF2046BDE83840FFF750BF90F880202E
:10929000034602F06002202A14D190F881200020B9
:1092A000212A02D81F2A03D87047222A07D07047E4
:1092B000054A5A6707229A67D86701207047C3E9B1
:1092C0001D00F9E7002070473C23002037B500F56A
:1092D0008055D5F8A4381A68117804291AD1017C70
:1092E000022917D11979012312898B40134211D118
:1092F00000F14C04204602F0D1FE58B101A92046ED
:1093000002F01AFED5F8A4480246019B2179206894
:1093100000F0BEF803B030BD01F10B03F7B550F813
:10932000236004460D46F6B1302383F3118804EB25
:109330008507301D08214C36FFF7A4FEFB685B69EA
:109340001B6813B1304602F005FE01A9304602F059
:10935000F3FD024648B1019B2946204600F098F8EB
:10936000002383F3118803B0F0BDFB685A691268CB
:10937000002AF5D01B8A013B1340F1D104F1800291
:10938000EAE70000133138B550F82140ECB1302342
:1093900083F3118804F58053D3F8A4281368527915
:1093A00003EB8203DB689B695D6845B104216018AB
:1093B000FFF768FE294604F1140002F0F9FC20468C
:1093C000FFF7B4FE002383F3118838BD7047000017
:1093D00001F048BE01234022002110B5044600F8E8
:1093E000303BF9F7DFFE0023C4E9013310BD000074
:1093F00010B53023044683F31188242241600021F4
:109400000C30F9F7CFFE204601F04EFE022300207B
:10941000237080F3118810BD70B500EB8103054601
:1094200050690E461446DA6018B110220021F9F78F
:10943000B9FEA06918B110220021F9F7B3FE314638
:109440002846BDE8704001F035BF00008368202247
:10945000002103F0011310B5044683601030F9F7C2
:10946000A1FE2046BDE8104001F0AEBFF0B40125DA
:1094700000EB810447898D40E4683D43A469458140
:1094800023600023A2606360F0BC01F0CBBF00004A
:10949000F0B4012500EB810407898D40E4683D4369
:1094A0006469058123600023A2606360F0BC02F060
:1094B00041B8000070B50223002504462422037041
:1094C0002946C0F888500C3040F8045CF9F76AFE71
:1094D000204684F8705001F081FE63681B6823B158
:1094E00029462046BDE87040184770BD0378052B1B
:1094F00010B504460AD080F88C3005230370436809
:109500001B680BB1042198470023A36010BD000025
:109510000178052906D190F88C20436802701B68F9
:1095200003B118477047000070B590F870300446DA
:1095300013B1002380F8703004F18002204601F05E
:1095400067FF63689B68B3B994F8803013F06005D7
:1095500035D00021204602F04FFA0021204602F0CB
:109560003FFA63681B6813B106212046984706231B
:1095700084F8703070BD204698470028E4D0B4F8D5
:109580008630A26F9A4288BFA36794F98030A56F96
:10959000002B4FF0300380F20381002D00F0F280A9
:1095A000092284F8702083F3118800212046D4E931
:1095B0001D23FFF76DFF002383F31188DAE794F88A
:1095C000812003F07F0343EA022340F202329342F8
:1095D00000F0C58021D8B3F5807F48D00DD8012B8D
:1095E0003FD0022B00F09380002BB2D104F188020F
:1095F00062670222A267E367C1E7B3F5817F00F0EB
:109600009B80B3F5407FA4D194F88230012BA0D188
:10961000B4F8883043F0020332E0B3F5006F4DD068
:1096200017D8B3F5A06F31D0A3F5C063012B90D844
:109630006368204694F882205E6894F88310B4F83A
:109640008430B047002884D0436863670368A36709
:109650001AE0B3F5106F36D040F6024293427FF421
:1096600078AF5C4B63670223A3670023C3E794F8DA
:109670008230012B7FF46DAFB4F8883023F0020301
:10968000A4F88830C4E91D55E56778E7B4F8803060
:10969000B3F5A06F0ED194F88230204684F88A305A
:1096A00001F0FAFD63681B6813B101212046984759
:1096B000032323700023C4E91D339CE704F18B03CB
:1096C00063670123C3E72378042B10D1302383F38E
:1096D00011882046FFF7BAFE85F3118803216368DD
:1096E00084F88B5021701B680BB12046984794F882
:1096F0008230002BDED084F88B3004232370636823
:109700001B68002BD6D0022120469847D2E794F858
:10971000843020461D0603F00F010AD501F06AFED1
:10972000012804D002287FF414AF2B4B9AE72B4B6F
:1097300098E701F051FEF3E794F88230002B7FF4B4
:1097400008AF94F8843013F00F01B3D01A06204606
:1097500002D502F069F9ADE702F05AF9AAE794F8E8
:109760008230002B7FF4F5AE94F8843013F00F01B3
:10977000A0D01B06204602D502F03EF99AE702F07F
:109780002FF997E7142284F8702083F311882B4671
:109790002A4629462046FFF769FE85F31188E9E647
:1097A0005DB1152284F8702083F3118800212046D2
:1097B000D4E91D23FFF75AFEFDE60B2284F8702042
:1097C00083F311882B462A4629462046FFF760FE80
:1097D000E3E700BFECCC0008E8CC0008E4CC0008CC
:1097E00038B590F870300446002B3ED0063BDAB214
:1097F0000F2A34D80F2B32D8DFE803F03731310885
:10980000223231313131313131313737856FB0F872
:1098100086309D4214D2C3681B8AB5FBF3F203FB6A
:1098200012556DB9302383F311882B462A462946F9
:10983000FFF72EFE85F311880A2384F870300EE0BE
:10984000142384F87030302383F3118800232046DA
:109850001A461946FFF70AFE002383F3118838BD24
:10986000C36F03B198470023E7E70021204602F0C9
:10987000C3F80021204602F0B3F863681B6813B1F7
:109880000621204698470623D7E7000010B590F838
:1098900070300446142B29D017D8062B05D001D8D8
:1098A0001BB110BD093B022BFBD80021204602F062
:1098B000A3F80021204602F093F863681B6813B1F7
:1098C000062120469847062319E0152BE9D10B23E2
:1098D00080F87030302383F3118800231A4619462C
:1098E000FFF7D6FD002383F31188DAE7C3689B698D
:1098F0005B68002BD5D1C36F03B19847002384F870
:109900007030CEE70023C0E9000083600361704738
:1099100070B51C4B05468468DE685CB3B44213D155
:1099200003690133036170BDA36094F8243083B1EF
:10993000062B15D1A06A2146D4E9003213605A6083
:1099400000F0C2F8A36A9C68B368A2689A42EBD39D
:1099500006E0D4E90032204613605A6000F0C4F8F3
:109960002846314600F0B0F8B5620620BDE87040E8
:1099700000F0BCB80369866001330361336BC360D8
:109980003063D0E7B066002008B5302383F3118838
:10999000FFF7BEFF002383F3118808BD0A4B8268DE
:1099A000DB6832B19A420CD10369013303610120B3
:1099B000704702698360013202611A6BC2601863EA
:1099C000F5E70020704700BFB066002008B53023DF
:1099D00083F31188FFF7E2FF002383F3118808BDAA
:1099E0000346194AD0689A68824210B51FD13022C6
:1099F00082F31188196901391961A9B91C68DA68FB
:109A0000A34202631DD0416B92B9816001221868A4
:109A10001A6102681A605360026B9860DA6003632F
:109A200000F062F800F0C2F8002383F3118810BD43
:109A30001468A24203D0A468A14238BF2146D2686C
:109A4000E2E79960F0E700BFB0660020002382687B
:109A500080F8243083691B6899689142FBD25A6868
:109A60000360426010605860704700000023826805
:109A700080F8243083691B6899689142FBD85A6842
:109A800003604260106058607047000008B50846E7
:109A9000302383F3118891F82430032B05D0042B55
:109AA0000DD02BB983F3118808BD8B6A00221A6090
:109AB0004FF0FF338362FFF7C9FF0023F2E7D1E9DC
:109AC000003213605A60F3E7034610B51B689842F2
:109AD00003D09C688A689442F8D25A680B604A6046
:109AE0001160596010BD0000FFF7B0BF38B50B4BD7
:109AF0001C68DD6885F82400226853601A60012222
:109B0000DC60A36884F82420934201D101F0D2F9EB
:109B100029462046BDE83840F6F77CBCB0660020F8
:109B20000C4B30B5DD684B1C87B004460FD02B467C
:109B3000094A684600F0B4F92046FFF7D7FF009BBA
:109B400013B1684600F0B6F9A86A07B030BDFFF758
:109B5000CDFFF9E7B06600208D9A0008044B1A6823
:109B6000DB6890689B68984294BF00200120704792
:109B7000B066002038B50C4B1C68DD682268536065
:109B80001A600122DC6084F82420AB68934201D182
:109B900001F092F92846FFF769FF01462046BDE82B
:109BA0003840F6F737BC00BFB0660020044B1A6897
:109BB000DB6892689B689A4201D9FFF7DBBF704768
:109BC000B066002038B50123084C0025237065607D
:109BD00002F0F0FA02F016FB0549064802F0ECFB31
:109BE0000223237085F3118838BD00BF2867002049
:109BF000F0CC0008B066002008B572B6044B586778
:109C000000F0AEFE01F066F8024B03221A70FEE788
:109C1000B06600202867002000F082B9034A51682E
:109C200053685B1A9842FBD8704700BF001000E0F1
:109C30008B604B630023CA610B63022310B504469B
:109C40008B840123084604F128028C6181F82630B8
:109C500001F110030A61E26A4A611360E36201F1F3
:109C60002C03CB6210BD0000D0E90131026841F83D
:109C7000183CA1F19C033839CB60036941F8243CBE
:109C8000436941F8203C034B41F8043CC368024857
:109C9000FFF7CEBF2D040008B066002008B5FFF71F
:109CA000E3FFBDE80840FFF71FBF000038B50E4BCB
:109CB000DC6804F12C05A062E06AA8420FD194F898
:109CC00026303BB994F825309B0702BFD4E9043213
:109CD00013605A600F20BDE83840FFF707BF0368E4
:109CE000E362FFF701FFE7E7B0660020302383F36C
:109CF0001188FFF7DBBF000008B50146302383F36E
:109D000011880820FFF70CFF002383F3118808BD9A
:109D1000054BDB6821B1036098620320FFF700BFA9
:109D20004FF0FF30704700BFB06600200346006868
:109D300020B100221A608162FFF7D6BE7047000092
:109D4000064BDB6839B1426818605A6013604360A3
:109D50000420FFF7E5BE4FF0FF307047B0660020EB
:109D600003460068834205D002681A60536081622E
:109D7000FFF7BABE7047000038B504460D462068AC
:109D8000844200D138BD036823605C608562FFF7C0
:109D9000ABFEF4E7036810B59C68A2420CD85C687F
:109DA0000B608A604C60216059609968891A9960DB
:109DB0004FF0FF33836010BD121B1B68ECE70000FF
:109DC0000A2938BF0A2170B504460D460A266019D3
:109DD00002F0EAF902F0D2F9041BA54203D8751C7F
:109DE00004462E46F3E70A2E04D90120BDE8704050
:109DF00002F028BB70BD0000F8B5144B14460A27CA
:109E00000D46D9610A2C826003F1100238BF0A2482
:109E100042601A69026050601861081902F0B4F9D2
:109E200002F0ACF9431B0646A34206D37C1C28195A
:109E30002746354602F0B8F9F2E70A2F04D9012087
:109E4000BDE8F84002F0FEBAF8BD00BFB0660020E1
:109E500070B50D46064602F091F90F490B4653F8CE
:109E6000102F9A4206D12A4601463046BDE870407E
:109E7000FFF7C2BFCB69C41A93682C1928BF2C46C0
:109E8000A34202D92946FFF79BFF224631460348E9
:109E9000BDE87040FFF77EBFB0660020C0660020BE
:109EA000C0E90323002310B45DF8044B4361FFF7BE
:109EB000CFBF000010B5194C236998420DD08168BE
:109EC000D0E9003213605A609A680A449A6000230D
:109ED00003604FF0FF33A36110BD0268234643F8CF
:109EE000102F53600022026022699A4203D1BDE81C
:109EF000104002F053B9936881680B44936002F0FC
:109F00003DF92269E1699268441AA242E4D91144F8
:109F1000BDE81040091AFFF753BF00BFB06600202C
:109F20002DE9F047DFF8B88008F110072B4ED8F87C
:109F3000105002F023F9D8F81C40AA68011B8A428D
:109F40003DD81444D5E90032C8F81C4013605A606B
:109F500000232B609946D8F81020B24201D102F0BC
:109F60001DF989F31188D5E9033128469847302334
:109F700083F311886B69002BD9D002F0FFF86A696E
:109F8000A0EB040982464A450DD2022002F05AFA9B
:109F90000022D8F81030B34208D151462846BDE817
:109FA000F047FFF729BF2244121AF2E712EB090922
:109FB0002946384638BF4A46FFF7ECFEB6E7D8F8E0
:109FC0001010B14208D01444C8F81C00211AA9602E
:109FD000BDE8F047FFF7F4BEBDE8F087C06600209B
:109FE000B066002038B502F0C9F8054AD2E9084544
:109FF000031B181945F10001C2E9080138BD00BF73
:10A00000B066002010B560B9074804790368053CC4
:10A010009B6818BF01249847404200F00400204389
:10A0200010BD0120FCE700BF28640020FFF7EABF55
:10A030002DE9F0478846174699460446B0B90D4EBB
:10A040003579052D05D003240DE0013D15F0FF0500
:10A050000ED03368424639463046D3F814A04B46FA
:10A06000D0470028F1D12046BDE8F0870424FAE764
:10A070000124F8E7286400202DE9F04788461746B8
:10A0800099460446B0B90D4E3579052D05D0032407
:10A090000DE0013D15F0FF050ED03368424639460C
:10A0A0003046D3F818A04B46D0470028F1D12046BF
:10A0B000BDE8F0870424FAE70124F8E728640020CB
:10A0C00037B50C46154670B949B101290BD107487F
:10A0D000694603681B6A984710B9019B2B600024EE
:10A0E000204603B030BD0424FAE700BF28640020F6
:10A0F00000207047FEE70000704700004FF0FF307F
:10A10000704700004B6843608B688360CB68C36016
:10A110000B6943614B6903628B6943620B6803609F
:10A120007047000008B53B4B40F2FF713A48D3F846
:10A1300088200A43C3F88820D3F888206FF30A02E6
:10A14000C3F88820D3F88820D3F8E0200A43C3F866
:10A15000E020D3F808210A43C3F808212F4AD3F896
:10A1600008311146FFF7CEFF00F5806002F11C01B7
:10A17000FFF7C8FF00F5806002F13801FFF7C2FF6A
:10A1800000F5806002F15401FFF7BCFF00F580602C
:10A1900002F17001FFF7B6FF00F5806002F18C015B
:10A1A000FFF7B0FF00F5806002F1A801FFF7AAFFFA
:10A1B00000F5806002F1C401FFF7A4FF00F58060A4
:10A1C00002F1E001FFF79EFF00F5806002F1FC0163
:10A1D000FFF798FF02F58C7100F58060FFF792FFA2
:10A1E00001F0BAFC0E4BD3F8902242F00102C3F802
:10A1F0009022D3F8942242F00102C3F8942205225F
:10A20000C3F898204FF06052C3F89C20054AC3F869
:10A21000A02008BD004402580000025804CD0008E8
:10A2200000ED00E01F00080308B501F081FDFFF715
:10A23000C9FC104BD3F8DC2042F04002C3F8DC200C
:10A24000D3F8042122F04002C3F80421D3F80431EA
:10A25000094B1A6842F008021A601A6842F00402B8
:10A260001A6000F009FE00F03FFBBDE8084000F076
:10A27000B3B800BF004402580018024801207047DC
:10A28000002070477047000002290CD0032904D039
:10A290000129074818BF00207047032A05D8054840
:10A2A00000EBC2007047044870470020704700BFB1
:10A2B000E8CE0008442300209CCE000870B59AB078
:10A2C00005460846144601A900F0BEF801A8F8F7B3
:10A2D00067FF431C0022C6B25B001046C5E900348C
:10A2E00023700323023404F8013C01ABD1B20234E1
:10A2F0008E4201D81AB070BD13F8011B013204F868
:10A30000010C04F8021CF1E708B5302383F311882F
:10A310000348FEF7DBFF002383F3118808BD00BF6D
:10A32000C069002090F8803003F01F02012A07D195
:10A3300090F881200B2A03D10023C0E91D3315E0DA
:10A3400003F06003202B08D1B0F884302BB990F8CB
:10A350008120212A03D81F2A04D8FEF797BF222A7A
:10A36000EBD0FAE7034A426707228267C3670120FE
:10A37000704700BF6423002010B50446052916D895
:10A38000DFE801F016150316161D302383F311883C
:10A390000E4A0121FFF740F820460D4A0221FFF73F
:10A3A0003BF80C48FEF75CFF002383F3118810BDD7
:10A3B000302383F311880748FEF728FFF4E73023A2
:10A3C00083F311880348FEF73FFFEDE774CE0008E2
:10A3D00050CE0008C069002038B50B4D0B4C2A4602
:10A3E0000B492046FFF76AFF05F1CA0204F1080095
:10A3F0000849FFF763FF05F5CA7204F1100006492A
:10A40000BDE83840FFF75ABF606700204C230020AA
:10A4100039C6000843C600084EC6000870B5044699
:10A4200008460D46F8F7BCFEC6B220460134037854
:10A430000BB9184670BD32462946F8F79DFE002834
:10A44000F3D10120F6E700002DE9F04105460C4666
:10A45000F8F7A6FE2949C6B22846FFF7DFFF08B184
:10A460000936F6B226492846FFF7D8FF08B110365C
:10A47000F6B2632E07D8214FDFF884802E7846B9D4
:10A480002670BDE8F08129462046BDE8F041F6F788
:10A49000BBB9252E2ED1072239462846F8F76CFE87
:10A4A00060B9184B224603F1100153F8040B8B429C
:10A4B00042F8040BF9D107351034DFE70822414692
:10A4C0002846F8F759FEA8B9A21C0F4B0F48104EAA
:10A4D000197802320909415C02F8041C13F8011BC7
:10A4E00001F00F01B342415C02F8031CF0D11834B3
:10A4F0000835C3E7013504F8016BBFE757C600080C
:10A500004EC6000803C5000800E8F11F5FC600083A
:10A510000CE8F11FBFF34F8F044B1A695107FCD1B0
:10A52000D3F810215207F8D1704700BF0020005225
:10A5300008B50D4B1B78ABB9FFF7ECFF0B4BDA6896
:10A54000D10704D50A4A5A6002F188325A60D3F81A
:10A550000C21D20706D5064AC3F8042102F188323D
:10A56000C3F8042108BD00BF68820020002000520B
:10A570002301674508B5114B1B78F3B9104B1A69D5
:10A58000510703D5DA6842F04002DA60D3F81021AF
:10A59000520705D5D3F80C2142F04002C3F80C2134
:10A5A000FFF7B8FF064BDA6842F00102DA60D3F831
:10A5B0000C2142F00102C3F80C2108BD6882002082
:10A5C000002000520F289ABF00F580604004002050
:10A5D000704700004FF400307047000010207047B3
:10A5E0000F2808B50ED8FFF7EDFF0368013309D136
:10A5F00000F500330430834201D1012008BD026818
:10A600000132F7D00020F9E70F2838B505463FD8CA
:10A61000FFF780FF1F4CFFF78BFF4FF0FF3307283A
:10A620006361C4F814311DD82361FFF773FF03027F
:10A6300043F02403E360E36843F08003E3602369AD
:10A640005A07FCD42846FFF765FFFFF7BBFF4FF41E
:10A65000003100F01BFB2846FFF78CFFBDE83840B7
:10A66000FFF7BEBFC4F81031FFF754FFA0F1080395
:10A670001B0243F02403C4F80C31D4F80C3143F02E
:10A680008003C4F80C31D4F810315B07FBD4D9E750
:10A69000002038BD002000522DE9F84F04460D4639
:10A6A000104644EA0203DB0602D00020BDE8F88F22
:10A6B00020F01F00DFF8E0A0DFF8E0B0FFF738FF80
:10A6C00005EB0008454503D10120FFF753FFEDE7F7
:10A6D000202229462046F6F757FC10B920342035B1
:10A6E000F0E723680133E0D1234604F1200204336C
:10A6F000934244D104F17843234E2448B3F5801F9C
:10A70000234B28BF9946A3F582732EBF5846D146E6
:10A710001E46FFF7FFFE4FF0FF33A4EB050C05F1DB
:10A720001C010360336843F0020333602B1FD9F828
:10A73000007017F00507FAD153F8042F8B424CF83C
:10A740000320F4D1BFF34F8FFFF7E4FE4FF0FF3348
:10A750000360336823F002033360BFF34F8F0D4B68
:10A76000C3F85C42BFF34F8FBFF36F8F202229469F
:10A770002046F6F709FC0028B0D03846A5E719684E
:10A780000131B4D091E700BF0C21005214200052D7
:10A790001021005200ED00E0102000521421005260
:10A7A00010B5084C237828B11BB9FFF7C1FE01236F
:10A7B000237010BD002BFCD02070BDE81040FFF7C7
:10A7C000D9BE00BF688200202DE9F74F0D468246B2
:10A7D000002877D011F00D070CBF0826202611F0B5
:10A7E000080300933BD0431E03426BD106460AF197
:10A7F0001F0121F01F0A4FF00109DFF8D88005F092
:10A80000040305EA090BBBF1000F38D0D8F8142077
:10A81000D20734D409F1010908F10C08B9F1060F87
:10A82000F1D187B9284D32465146E81901F00CFDA7
:10A83000044600BB2037A02FF5D13246514601F027
:10A8400003FD0446B8B932465146204801F0FCFCED
:10A850000446002831D1204603B0BDE8F08F002F18
:10A86000C5D10029C7D101463246284601F0ECFC8B
:10A8700004460028BFD05246002120461FE01BB1ED
:10A88000D8F814205407C5D5A80703D5D8F8142044
:10A890009107BFD5009A1AB1D8F814201207B9D57C
:10A8A000019332460A4B514603EB491001F0CCFCB0
:10A8B000019B04460028ADD0DDE752460021F8F7A1
:10A8C00071FCC8E70024C6E7AC8200206C8200203F
:10A8D0008C82002004CF00080021FFF775BF000024
:10A8E0000121FFF771BF000000231A4670B51A60FE
:10A8F0000433B3F5806FFAD1104D0124104E06EBEE
:10A90000441001342A6955F80C1F01F089FC062C0B
:10A91000F5D137254FF4C0542046FFF7E1FF01463B
:10A9200028B122460748BDE8704001F079BCC4EB6D
:10A93000C404013D4FEAD404EED170BD04CF000839
:10A940008C8200206C8200200421FFF73DBF0000B4
:10A950004843FFF7C1BF000008B101F0E9BC7047F0
:10A9600038B5054D00240334696855F80C0B00F028
:10A970009FF9122CF7D138BD04CF0008B0F5805FE5
:10A9800010B5044607D8FFF7DFFF28B92046BDE819
:10A990001040FFF7A1BF002010BD0000FFF7DCBF93
:10A9A00070B504461046AAB144EA010313F01F0330
:10A9B0000FD1094A214495686D0706D51568AC4248
:10A9C00003D356683544A94204D903330C32122B01
:10A9D000F1D1002070BD00BF04CF000838B5EFF3FF
:10A9E00011859DB9EFF30584C4F30804302334B115
:10A9F00083F31188FFF7F6FA85F3118838BD83F3E6
:10AA00001188FFF7EFFA84F3118838BDBDE83840AC
:10AA1000FFF7E8BA10B5FFF7E1FF104CC008104A85
:10AA2000002340EA4170C908A0FB04ECA0FB020E21
:10AA30001CEB0000A1FB044C5B410019A1FB0210C0
:10AA400043EB0C0311EB0E0140F100005B1840F1E9
:10AA500000001B0943EA007010BD00BFCFF753E3AD
:10AA6000A59BC42008B5FFF7B9FF034AD2E900321D
:10AA7000C01842EB010108BD508300202DE9F743C7
:10AA8000434AD2E9003213437ED0FFF7EBFF414A3D
:10AA900000234FF46164F5F7D7FC3F4A00230026FA
:10AAA000F5F7D2FC3C23ADF80160B2FBF3F1B2FB49
:10AAB000F4F503FB112104FB1522384CC9B2A04266
:10AAC000B2FBF3F24FF046038DF8003046D840F267
:10AAD0006D194FF0640E4FF4C8789F0703F26C7441
:10AAE00028D1B4FBFEF70EFB174747BBB4FBF8F7C2
:10AAF00008FB1744002C0BBF4FF0010C4FF0000C6B
:10AB00004FF4B7744C465F1CA042FFB21CD20EB18A
:10AB10008DF800300023224C0C271E4607FB0C4406
:10AB2000DFB203F1010CE75D874211D8C01B634619
:10AB30000126F5E74FF0000C40F26D14E3E74FF00B
:10AB4000010C4FF4B774DEE7001B3B460126C4E757
:10AB50000EB18DF8013001308DF802009DF8000033
:10AB60009DF8013050380133400640EA43509DF8CB
:10AB7000023040EA034040EAC52040EA421040EA81
:10AB8000510003B0BDE8F0834FF40410F9E700BFB3
:10AB90005083002040420F008051010090230B00A1
:10ABA0004CCF00080244074BD2B210B5904200D1FE
:10ABB00010BD441C00B253F8200041F8040BE0B271
:10ABC000F4E700BF504000580E4B30B51C6F240412
:10ABD00005D41C6F1C671C6F44F400441C670A4CAE
:10ABE00002442368D2B243F480732360074B90423F
:10ABF00000D130BD441C51F8045B00B243F8205032
:10AC0000E0B2F4E7004402580048025850400058AF
:10AC100007B5012201A90020FFF7C4FF019803B086
:10AC20005DF804FB13B50446FFF7F2FFA04205D020
:10AC3000012201A900200194FFF7C6FF02B010BD58
:10AC400010B56424013C4FF47A70FFF755F814F006
:10AC5000FF04F7D10C4B4FF4801214249A61A3F532
:10AC600080634FF08052A3F54063C3F8182C4FF473
:10AC700000529A61013C4FF47A70FFF73DF814F0EE
:10AC8000FF04F7D110BD00BF001802580144BFF304
:10AC90004F8F064B884204D3BFF34F8FBFF36F8FA4
:10ACA0007047C3F85C022030F4E700BF00ED00E01D
:10ACB0000144BFF34F8F064B884204D3BFF34F8F3D
:10ACC000BFF36F8F7047C3F870022030F4E700BF06
:10ACD00000ED00E07047000070B5054616460C46D2
:10ACE00001201021FFF734FE286046733CB1204656
:10ACF00036B1FFF729FE2B68186000B19C6070BD6B
:10AD0000FFF7EEFDF7E70000F8B50E4615460B68B5
:10AD1000044640B905F11F01306821F01F01FFF71B
:10AD2000B5FF012718E0427B29461846FFF738FE99
:10AD300007460028EED133686360A368AB4211D2A6
:10AD400013B12068FFF708FE637B284633B1FFF795
:10AD5000FBFD206028B9A0603846F8BDFFF7C0FDB4
:10AD6000F7E7A560206805F11F01306021F01F01A1
:10AD7000FFF78CFF01232373D3E7000070B50E4665
:10AD800002F11F010446154621F01F013046FFF76E
:10AD90008FFF4CB12168B14206D1606810B12A46DC
:10ADA000F8F7E0F90023237370BD0000F8B50E46F4
:10ADB00014460B68054640B904F11F01306821F0C4
:10ADC0001F01FFF775FF012716E0427B2146184659
:10ADD000FFF7E6FD07460028EED1AB68A34211D28B
:10ADE00013B12868FFF7B8FD6B7B204633B1FFF73E
:10ADF000ABFD286028B9A8603846F8BDFFF770FDA4
:10AE0000F7E7AC60316819B122462868F8F7AAF96B
:10AE1000286804F11F01306021F01F01FFF748FF8F
:10AE200001232B73CFE7000020B103688B4204BFDE
:10AE30000023037370470000074B45F255521A6018
:10AE400003225A6040F2FF729A604CF6CC421A60BC
:10AE50000122024B1A7070470048005858830020A6
:10AE6000034B1B781BB1034B4AF6AA221A607047AA
:10AE70005883002000480058034B1A681AB9034A47
:10AE8000D2F8D0241A6070475C830020004002583A
:10AE9000024B4FF48032C3F8D02470470040025870
:10AEA00008B5FFF7E9FF024B1868C0F3806008BDE2
:10AEB0005C830020704700007047000070B5BFF34E
:10AEC0004F8FBFF36F8F1A4A0021C2F85012BFF3A1
:10AED0004F8FBFF36F8F536943F400335361BFF358
:10AEE0004F8FBFF36F8FC2F88410BFF34F8FD2F82C
:10AEF000803043F6E074C3F3C900C3F34E335B0103
:10AF000003EA0406014646EA81750139C2F8605237
:10AF1000F9D2203B13F1200FF2D1BFF34F8F5369C9
:10AF200043F480335361BFF34F8FBFF36F8F70BD16
:10AF300000ED00E0FEE70000214B2248224A70B5F8
:10AF4000904237D3214BC11EDA1C121A22F00302A1
:10AF50008B4238BF00220021F8F724F91C4A002355
:10AF6000C2F88430BFF34F8FD2F8803043F6E074DC
:10AF7000C3F3C900C3F34E335B0103EA0406014681
:10AF800046EA81750139C2F86C52F9D2203B13F1BF
:10AF9000200FF2D1BFF34F8FBFF36F8FBFF34F8FEF
:10AFA000BFF36F8F0023C2F85032BFF34F8FBFF350
:10AFB0006F8F70BD53F8041B40F8041BC0E700BF3F
:10AFC00044D00008D8840020D8840020D8840020F1
:10AFD00000ED00E0074BD3F8D82022EA0002C3F8C6
:10AFE000D820D3F8002122EA0002C3F80021D3F8C8
:10AFF000003170470044025870B5D0E92443002264
:10B000004FF0FF359E6804EB42135101D3F800095D
:10B01000002805DAD3F8000940F08040C3F80009A1
:10B02000D3F8000B002805DAD3F8000B40F080407D
:10B03000C3F8000B01326318B242C3F80859C3F8D1
:10B04000085BE0D94FF00113C4F81C3870BD000054
:10B05000890141F02001016103699B06FCD41220A3
:10B06000FEF7DCBD10B50A4C2046FEF7B3F9094BDC
:10B07000C4F89030084BC4F89430084C2046FEF7D2
:10B08000A9F9074BC4F89030064BC4F8943010BDB2
:10B09000148400200000084070CF0008788300204E
:10B0A0000000044064CF000870B503780546012B0A
:10B0B0005CD1434BD0F89040984258D1414B0E217F
:10B0C0006520D3F8D82042F00062C3F8D820D3F826
:10B0D000002142F00062C3F80021D3F80021D3F828
:10B0E000802042F00062C3F88020D3F8802022F054
:10B0F0000062C3F88020D3F88030FDF76BFD324B3F
:10B10000E360324BC4F800380023D5F89060C4F8EF
:10B11000003EC02323604FF40413A3633369002B64
:10B12000FCDA01230C203361FEF778FD3369DB077D
:10B13000FCD41220FEF772FD3369002BFCDA0026E6
:10B140002846A660FFF758FF6B68C4F81068DB68F4
:10B15000C4F81468C4F81C6883BB1D4BA3614FF08E
:10B16000FF336361A36843F00103A36070BD194B13
:10B170009842C9D1134B4FF080600E21D3F8D820EC
:10B1800042F00072C3F8D820D3F8002142F00072D8
:10B19000C3F80021D3F80021D3F8802042F00072D8
:10B1A000C3F88020D3F8802022F00072C3F88020FA
:10B1B000D3F88030FFF70EFF4D209EE7064BCDE71A
:10B1C0001484002000440258401400400300200270
:10B1D000003C30C078830020083C30C0F8B5D0F87F
:10B1E0009040054600214FF000662046FFF730FFF3
:10B1F000D5F8941000234FF001128F684FF0FF3004
:10B20000C4F83438C4F81C2804EB431201339F42BD
:10B21000C2F80069C2F8006BC2F80809C2F8080B4E
:10B22000F2D20B68D5F89020C5F8983063621023ED
:10B230001361166916F01006FBD11220FEF7EEFC22
:10B24000D4F8003823F4FE63C4F80038A36943F44B
:10B25000402343F01003A3610923C4F81038C4F855
:10B2600014380B4BEB604FF0C043C4F8103B094B54
:10B27000C4F8003BC4F81069C4F80039D5F8983018
:10B2800003F1100243F48013C5F89820A362F8BDBF
:10B290007CCF000840800010D0F8902090F88A10F1
:10B2A000D2F8003823F4FE6343EA0113C2F80038F1
:10B2B000704700002DE9F84300EB81030C460FFABC
:10B2C00081F9D0F89050D9680022804660010E685C
:10B2D00006F00306731E022B05EB441398BFB60459
:10B2E000C3F8102B04F110024FF0010394BF06F1D4
:10B2F0008056334E03FA02F38A6998BF06F500467A
:10B30000002A39D04F8A04F1580237435201AF5016
:10B31000D5F81C2813430022C5F81C382B18012728
:10B32000C3F81029A7404A69631E92B30A8A4033C2
:10B33000898B9208012905EB830388BF4A43D8F81B
:10B340009810501841EA0241C8F898002846596000
:10B350002146FFF77DFE08EB8900C3681B8A43EA9C
:10B3600084534834334364012B51D5F81C383B4394
:10B37000C5F81C38BDE8F88305EB4917D7F8002B52
:10B3800022F40042C7F8002BD5F81C2822EA030358
:10B39000C1E704F13F030B4A2146284605EB83032E
:10B3A0005A60FFF755FE05EB4913D3F8002922F444
:10B3B0000042C3F80029D5F81C3823EA0703D7E771
:10B3C0000080001000040002D0F894201268C0F839
:10B3D0009820FFF711BE00005831D0F89030490195
:10B3E0005B5813F4004004D013F4001F14BF012075
:10B3F000022070474831D0F8903049015B5813F46F
:10B40000004004D013F4001F14BF01200220704735
:10B4100000EB8100C368196A0B6813604B685360C6
:10B420007047000000EB810330B5DD68AA6913683E
:10B43000D36019B9402B84BF402313606B8A146812
:10B44000D0F890201C4402EB4110013C09B2B4FB3F
:10B45000F3F46343033323F0030343EAC44343F0A9
:10B46000C043C0F8103B2B6803F00303012B0ED13F
:10B47000D2F8083802EB411013F4807FD0F8003B7B
:10B4800014BF43F0805343F00053C0F8003B02EB7D
:10B490004112D2F8003B43F00443C2F8003B30BDF8
:10B4A0002DE9F041D0F8906005460C4606EB4113BB
:10B4B000D3F8087B3A07C3F8087B08D5D6F81438C8
:10B4C0001B0704D500EB8103DB685B689847FA072C
:10B4D0001FD5D6F81438DB071BD505EB8403D968D4
:10B4E0008B69C4B9488A5A68B2FBF0F600FB162291
:10B4F0008AB91868DA6890420DD2121AC3E900249A
:10B50000302383F3118821462846FFF78BFF84F30D
:10B510001188BDE8F08101226B89A24023EA020371
:10B520006B81CB68002BF4D021462846BDE8F04162
:10B530001847000000EB81034A0170B5DD68D0F8C0
:10B5400090306C692668E6604EBB1A444FF40020C8
:10B55000C2F810092A6802F00302012A0AB20ED1C9
:10B56000D3F8080803EB421410F4807FD4F80009E4
:10B5700014BF40F0805040F00050C4F8000903EBC5
:10B580004212D2F8000940F00440C2F8000901223A
:10B59000D3F834088A400243C3F8342870BD19B97F
:10B5A000402E84BF4020206020681A442E8A8419CF
:10B5B000013CB4FBF6F440EAC44040F00050C7E759
:10B5C0002DE9F843D0F8906005460C464F0106EB94
:10B5D0004113D3F8088918F0010FC3F808891CD06B
:10B5E000D6F81038DB0718D500EB8103D3F80CC070
:10B5F000DCF81430D3F800E0DA68964530D2A2EBDC
:10B600000E024FF000091A60C3F80490302383F350
:10B610001188FFF78FFF89F3118818F0800F1DD074
:10B62000D6F834380126A640334217D005EB840300
:10B630000134D5F89050D3F80CC0E4B22F44DCF8B4
:10B64000142005EB0434D2F800E05168714513D39F
:10B65000D5F8343823EA0603C5F83438BDE8F88352
:10B66000012203898A4023EA02030381DCF80830BF
:10B67000002BD2D09847D0E7AEEB0103BCF8100006
:10B68000834228BF0346D7F8180980B2B3EB800F76
:10B69000E4D89068A0F1040959F8048FC4F8008038
:10B6A000A0EB09089844B8F1040FF5D818441944E0
:10B6B00090605160C9E700002DE9F047D0F8905044
:10B6C00004466E69AB691E4016F480586E6103D063
:10B6D000BDE8F047FDF7EEBE002E12DAD5F8003EC9
:10B6E0009B0705D0D5F8003E23F00303C5F8003EC4
:10B6F000D5F80438204623F00103C5F80438FDF7D7
:10B7000007FF370505D52046FFF776FC2046FDF7F5
:10B71000EDFEB0040CD5D5F8083813F0060FEB6831
:10B7200023F470530CBF43F4105343F4A053EB6065
:10B7300031071BD56368DB681BB9AB6923F00803CD
:10B74000AB612378052B0CD1D5F8003E9A0705D0C4
:10B75000D5F8003E23F00303C5F8003E2046FDF770
:10B76000D7FE6368DB680BB120469847F30234D5F7
:10B770000021D4F890900F4609EB4713D3F8002925
:10B7800002F44022B2F5802F1FD1D3F80029002AFD
:10B790001BDAD3F8002942F09042C3F80029D3F80D
:10B7A0000029002AFBDBD4F89000FFF751FC0122AE
:10B7B0002389BA4023EA0203238104EB8703DB6871
:10B7C0009B6813B13946204698470137D4F8943026
:10B7D000FFB29B689F423946CED9B70226D5D4F82E
:10B7E000909000274FF0010A09EB4712D2F8003B76
:10B7F00003F44023B3F5802F11D1D2F8003B002B86
:10B800000DDA63890AFA07F223EA0203638104EB83
:10B810008703DB68DB6813B1394620469847013758
:10B82000D4F89430FFB29B689F42DDD9F00618D55A
:10B83000D4F89000026AC2F30A1702F00F0302F470
:10B84000F012B2F5802F00F08D80B2F5402F08D1B4
:10B8500004EB8303002200F58050DB681B6A9742EB
:10B8600073D13003D5F8185835D5E90303D5002135
:10B870002046FFF715FEAA0303D501212046FFF756
:10B880000FFE6B0303D502212046FFF709FE2F03AD
:10B8900003D503212046FFF703FEE80203D5042168
:10B8A0002046FFF7FDFDA90203D505212046FFF73D
:10B8B000F7FD6A0203D506212046FFF7F1FD2B02B2
:10B8C00003D507212046FFF7EBFDEF0103D5082143
:10B8D0002046FFF7E5FD70036BD5E90703D500218E
:10B8E0002046FFF76DFEAA0703D501212046FFF78A
:10B8F00067FE6B0703D502212046FFF761FE2F0785
:10B9000003D503212046FFF75BFEEE0603D5042195
:10B910002046FFF755FEA80603D505212046FFF770
:10B920004FFE690603D506212046FFF749FE2A0689
:10B9300003D507212046FFF743FEEB0539D5204606
:10B940000821BDE8F047FFF73BBE910701D1D0F8D1
:10B950000080072A02F101029CBF03F8018B4FEA25
:10B9600018287CE704EB830300F58050DA68D2F8EE
:10B9700018C0DCF80820DCE9001CA1EB0C0C00214D
:10B980008F4208D1DB689B699A683A449A605A688A
:10B990003A445A6065E711F0030F01D1D0F80080F6
:10B9A0008C4501F1010184BF02F8018B4FEA182890
:10B9B000E6E7BDE8F087000008B50348FFF77CFE26
:10B9C000BDE80840FCF7B0BB1484002008B503486C
:10B9D000FFF772FEBDE80840FCF7A6BB78830020A5
:10B9E000D0F8903003EB4111D1F8003B43F4001341
:10B9F000C1F8003B70470000D0F8903003EB4111D4
:10BA0000D1F8003943F40013C1F800397047000041
:10BA1000D0F8903003EB4111D1F8003B23F4001330
:10BA2000C1F8003B70470000D0F8903003EB4111A3
:10BA3000D1F8003923F40013C1F800397047000031
:10BA4000064BD3F8DC200243C3F8DC20D3F80421F2
:10BA50001043C3F80401D3F804317047004402587E
:10BA600008B53C4B4FF0FF31D3F8802062F0004224
:10BA7000C3F88020D3F8802002F00042C3F8802071
:10BA8000D3F88020D3F88420C3F88410D3F884201E
:10BA90000022C3F88420D3F88400D86F40F0FF4020
:10BAA00040F4FF0040F4DF4040F07F00D867D86FDB
:10BAB00020F0FF4020F4FF0020F4DF4020F07F0062
:10BAC000D867D86FD3F888006FEA40506FEA5050BB
:10BAD000C3F88800D3F88800C0F30A00C3F88800D0
:10BAE000D3F88800D3F89000C3F89010D3F89000F2
:10BAF000C3F89020D3F89000D3F89400C3F89410C2
:10BB0000D3F89400C3F89420D3F89400D3F89800A5
:10BB1000C3F89810D3F89800C3F89820D3F8980089
:10BB2000D3F88C00C3F88C10D3F88C00C3F88C20A9
:10BB3000D3F88C00D3F89C00C3F89C10D3F89C1069
:10BB4000C3F89C20D3F89C30FCF770FCBDE808409B
:10BB500000F0DEB80044025808B50122534BC3F888
:10BB60000821534BD3F8F42042F00202C3F8F4202A
:10BB7000D3F81C2142F00202C3F81C210222D3F8A0
:10BB80001C314C4BDA605A689104FCD54A4A1A6061
:10BB900001229A60494ADA6000221A614FF4404259
:10BBA0009A61444B9A699204FCD51A6842F48072F7
:10BBB0001A603F4B1A6F12F4407F04D04FF480326A
:10BBC0001A6700221A671A6842F001021A60384B9D
:10BBD0001A685007FCD500221A611A6912F038025F
:10BBE000FBD1012119604FF0804159605A67344AF6
:10BBF000DA62344A1A611A6842F480321A602C4BB5
:10BC00001A689103FCD51A6842F480521A601A68C7
:10BC10009204FCD52C4A2D499A6200225A6319637A
:10BC200001F57C01DA6301F2E71199635A64284A4D
:10BC30001A64284ADA621A6842F0A8521A601C4B49
:10BC40001A6802F02852B2F1285FF9D148229A61AD
:10BC50004FF48862DA6140221A621F4ADA641F4A8E
:10BC60001A651F4A5A651F4A9A6532231E4A136095
:10BC7000136803F00F03022BFAD10D4A136943F046
:10BC800003031361136903F03803182BFAD14FF043
:10BC90000050FFF7D5FE4FF08040FFF7D1FE4FF088
:10BCA0000040BDE80840FFF7CBBE00BF0080005158
:10BCB000004402580048025800C000F00200000191
:10BCC0000000FF0100889008222040006302090163
:10BCD000470E0508DD0BBF01200000200000011009
:10BCE0000910E000000101100020005208B50348CF
:10BCF000FCF762FFBDE80840FCF716BA2864002094
:10BD000008B500F0D3FBBDE80840FCF70DBA000011
:10BD100008B509217A20FCF75DFF09217C20FCF79A
:10BD200059FF07213220BDE80840FCF753BF00004F
:10BD300008B5FFF795FE00F08DFBFDF779F9FDF7EB
:10BD400047FBFDF719FAFEF79DFABDE8084000F041
:10BD500013BA000030B50433039C0172002104FBC8
:10BD60000325C160C0E90653049B0363059BC0E93A
:10BD70000000C0E90422C0E90842C0E90A11436397
:10BD800030BD00000022416AC260C0E90411C0E970
:10BD90000A226FF00101FDF7EFBF0000D0E9043285
:10BDA000934201D1C2680AB9181D7047002070473C
:10BDB000036919600021C2680132C260C26913447C
:10BDC00082699342036124BF436A0361FDF7C8BFE0
:10BDD00038B504460D46E3683BB162690020131D87
:10BDE0001268A3621344E36207E0237A33B9294659
:10BDF0002046FDF7A5FF0028EDDA38BD6FF0010001
:10BE0000FBE70000C368C269013BC3604369134498
:10BE100082699342436124BF436A43610023836282
:10BE2000036B03B11847704770B53023044683F3A2
:10BE30001188866A3EB9FFF7CBFF054618B186F335
:10BE40001188284670BDA36AE26A13F8015B934229
:10BE5000A36202D32046FFF7D5FF002383F31188A6
:10BE6000EFE700002DE9F84F04460F4691469A4649
:10BE70004FF0300888F311880026B346A56A4DB903
:10BE800051462046FFF7A4FF20B185F311883046C4
:10BE9000BDE8F88FD4E90A15A9EB06036D1A9D4297
:10BEA00028BF1D46402D1AD93B4601F1400251F8EA
:10BEB000040B914243F8040BF9D1A36A4037403692
:10BEC0004033E26AA3629A4202D82046FFF79AFF03
:10BED0008BF311884E45DAD288F31188CEE73846C5
:10BEE0002A46F7F73FF9A36A2F442E442B44E8E78C
:10BEF00010B5029C0433017203FB0421C460C0E945
:10BF000006130023C0E90A33039B0363049BC0E9C3
:10BF10000000C0E90422C0E90842436310BD0000EC
:10BF2000026A6FF00101C260426AC0E90422002285
:10BF3000C0E90A22FDF720BF0346D0E9042082426F
:10BF400001D1DB681BB950F8043B0B60704700233C
:10BF50001846FAE7C3680021C2690133C360436928
:10BF6000134482699342436124BF436A4361FDF7EE
:10BF7000F7BE000038B504460D46E3683BB12369BF
:10BF800000201A1DA262E2691344E36207E0237AEB
:10BF900033B929462046FDF7D3FE0028EDDA38BD37
:10BFA0006FF00100FBE7000003691960C268013A05
:10BFB000C260C269134482699342036124BF436A29
:10BFC000036100238362036B03B1184770470000CD
:10BFD00070B530230D460446114683F31188866AF6
:10BFE0002EB9FFF7C7FF10B186F3118870BDA36AA1
:10BFF0001D70A36AE26A01339342A36204D3E1692C
:10C0000020460439FFF7D0FF002080F31188EDE7C8
:10C010002DE9F84F05460C4691469A464FF03008F8
:10C0200088F311880027BB46AE6A4EB951462846B0
:10C03000FFF7A0FF20B186F311883846BDE8F88FDE
:10C04000D5E90A06A9EB0703361A9E4228BF1E4609
:10C05000402E1AD904F1400354F8042B9C4240F8B6
:10C06000042BF9D1AB6A40374033EA6AAB629A429B
:10C0700004D8E96928460439FFF796FF8BF3118845
:10C080004F45DAD288F31188CEE721463246F7F7DA
:10C0900069F8AB6A344437443344E6E7D0E9042115
:10C0A00003468A4216D1C068A8B1986A98B104388C
:10C0B000801A10D010600120D9680139D960D9697F
:10C0C0000A4499698A421A6124BF5A6A1A61002295
:10C0D0009A6270470020704770B501F01F0455093F
:10C0E00001234E090134B5EB511F02F01F0203FA80
:10C0F00004F350F8254038BF50F8260003F1FF3311
:10C100003DBFD4401840C2F1200303EA040036BF0B
:10C110009840D040204370BD70B57E227F210546F7
:10C12000FFF7DAFF18B1012819D0002070BD3E22B8
:10C1300049212846FFF7D0FF2F2204463121284607
:10C14000FFF7CAFF06460134502202365321284623
:10C15000B440FFF7C1FF093804FA00F0E6E73022E7
:10C1600045212846FFF7B8FF01308002DEE70000D6
:10C17000D0F8D4007047000000F06EB9014B586A47
:10C18000704700BF000C0040034B002258631A6147
:10C190000222DA60704700BF000C0040014B002211
:10C1A000DA607047000C0040014B5863704700BFD5
:10C1B000000C0040024B034A1A60034A5A60704761
:10C1C000B0840020D884002000000220074B4942A0
:10C1D00010B55C68201A08401968821A8A4203D395
:10C1E000A24201D85A6010BD0020FCE7B0840020B4
:10C1F00008B5302383F31188FFF7E8FF002383F3AA
:10C20000118808BD0448054B03600023C0E90133D1
:10C210000C30FDF777BB00BFB8840020F1C10008E7
:10C22000CB1D083A23F00703591A521A10B4D2084A
:10C230000024C0E9004384600C301C605A605DF843
:10C24000044BFDF75FBB00002DE9F84F374BCD1DC8
:10C250008846002814BF81469946082A4FEAD5052A
:10C2600038BF082209F10C0B92465846FDF78CFBAB
:10C2700009F104020AF10701CAF10000146874B957
:10C280005846FDF7ADFBD9F80030CBB30822514634
:10C29000E8009847044698B340E9029830E06718F0
:10C2A000D4F804C007400CF10103A7F1080604EB21
:10C2B000C303B34238D9DF1BB5EBE70F4FEAE70EF4
:10C2C00032D8B4421FD204F10803AE45A6EB0303F3
:10C2D0004FEAE30363600BD9691CAEEB050E06EB76
:10C2E000C1020EF1FF335360236846F831302260FB
:10C2F0003446C6F80480584644F8089BFDF770FBA6
:10C300002046BDE8F88FAC4521680AD0013504EB22
:10C31000C50044F8351000F108015B1A0146DB1036
:10C32000436026461160E3E72246A7E7B884002071
:10C33000F8B550F8043C044650F8085CA0F1080633
:10C3400007332F1D0C35DB0840F8043C2846FDF769
:10C350001BFB3B469F421A6801D0B34228D20AB168
:10C36000964225D244F8082C54F8042C1E60013261
:10C3700054F8081C06EBC200814206D148681044FC
:10C380000A6844F8040C44F8082C59684A1C03EB6A
:10C39000C202964207D154F8042C01320A445A6072
:10C3A00054F8082C1A602846BDE8F840FDF718BB81
:10C3B0001346CFE7FEE7000070B5002504461D4B8D
:10C3C00086B005630E4681635860FBF785FE04F175
:10C3D0002803A5606563C4E90A3304F11003C4E9C6
:10C3E00004334FF0FF33C4E90044C4E90635FFF7D6
:10C3F000C5FE2B46024604F13C012046C4E9082351
:10C4000080230D4A6567FDF713FC7368E0600B4AF3
:10C4100003620123009280F824306846F26801929A
:10C420003269CDE90223064BCDE90435FDF736FC30
:10C4300006B070BD28670020A0CF000870C60008B5
:10C44000B5C30008024A536B03435363704700BFF0
:10C45000B066002070470000114BD3F8E82042F08E
:10C460000802C3F8E820D3F8102142F00802C3F80C
:10C4700010210C4AD3F81031D36B43F00803D36377
:10C48000C722094B9A624FF0FF32DA6200229A61AA
:10C490005A63DA605A6001225A611A60704700BF1D
:10C4A000004402580010005C000C0040094A08B526
:10C4B0001169D3680B40D9B29B076FEA0101116182
:10C4C00007D5302383F31188FDF7A6FB002383F300
:10C4D000118808BD000C00400B4601461846F4F7D1
:10C4E00071BA0000393664633035313332356164F6
:10C4F00061623162006F72672E6172647570696C7F
:10C500006F742E5069786861776B36582D7065723C
:10C51000697068004D4435002D2D0A002F6172644A
:10C520007570696C6F742E6162696E002F61726440
:10C530007570696C6F742D7665726966792E6162AB
:10C54000696E002F6172647570696C6F742D666C12
:10C550006173682E6162696E002F61726475706923
:10C560006C6F742D666C61736865642E6162696EB0
:10C570000053544D333248373F3F3F0053544D33FF
:10C5800032483733782F3732780053544D3332489E
:10C590003734332F3735332F3735300040A2E4F1AD
:10C5A000646891060041A3E5F26569920700426163
:10C5B000642043414E496661636520696E64657815
:10C5C0002E0043414E464449666163653A204D65FD
:10C5D00073736167652052414D204F766572666CBA
:10C5E0006F7721002F005375636365737366756CF5
:10C5F0006C79206D6F756E7465642053444361726D
:10C60000642028736C6F77646F776E3D2575290AF7
:10C6100000EB769045584641542020200046415476
:10C620003332202020002A3A3C3E7C223F7F002BE0
:10C630002C3B3D5B5D006330004172647550696C5A
:10C640006F740025424F415244252D424C00255322
:10C65000455249414C250025424F41524425003066
:10C660003132333435363738394142434445460058
:10C6700069646C65000000001211000012130000D4
:10C68000121000000000000000000000A5230008B8
:10C6900045240008F52500087D2400083D240008F5
:10C6A0000000000000000000A92300085124000839
:10C6B0002D260008A1230008AD23000801105A0010
:10C6C000031059000120580003205600000000000C
:10C6D0000000000011410008D53B00085548000843
:10C6E000353C0008413C0008353E0008013C00088C
:10C6F000DD3B0008D13B0008F13D0008E93B0008A4
:10C700001D4B0008B94A0008F53B0008C53D00086C
:10C7100001040E05054B02020E05054B04010E0532
:10C72000054B05010B04044B0801060303460000FA
:10C7300000000000000000003D49000855490008C5
:10C740002949000831490008E1180008552300086C
:10C750004355454141414143454545494949414189
:10C760004592924F4F4F5555594F554F9C4F9E9F55
:10C7700041494F55A5A5A6A7A8A9AAABACADAEAF98
:10C78000B0B1B2B3B4414141B8B9BABBBCBDBEBF90
:10C79000C0C1C2C3C4C54141C8C9CACBCCCDCECF2C
:10C7A000D1D145454549494949D9DADBDCDD49DF85
:10C7B0004FE14F4F4F4FE6E8E85555555959EEEFC9
:10C7C000F0F1F2F3F4F5F6F7F8F9FAFBFCFDFEFFF1
:10C7D00001030507090E10121416181C1E00000094
:10C7E0007D1D0100632C001E9601A01E5A01001F32
:10C7F0000806101F0606201F0806301F0806401FE7
:10C800000606511F0700591F521F5B1F541F5D1F53
:10C81000561F5F1F601F0806701F0E00BA1FBB1F48
:10C82000C81FC91FCA1FCB1FDA1FDB1FF81FF91F44
:10C83000EA1FEB1FFA1FFB1F801F0806901F080648
:10C84000A01F0806B01F0400B81FB91FB21FBC1FED
:10C85000CC1F0100C31FD01F0206E01F0206E51F08
:10C860000100EC1FF31F0100FC1F4E2101003221CB
:10C8700070211002842101008321D0241A05302C5C
:10C880002F04602C0201672C0601752C0201802CFC
:10C890006401002D260841FF1A03000061001A03FD
:10C8A000E0001703F8000703FF0001007801000112
:10C8B000300132010601390110014A012E017901CE
:10C8C000060180014D004302810182018201840141
:10C8D000840186018701870189018A018B018B010F
:10C8E0008D018E018F0190019101910193019401BD
:10C8F000F60196019701980198013D029B019C0168
:10C900009D0120029F01A001A001A201A201A4019A
:10C91000A401A601A701A701A901AA01AB01AC01CD
:10C92000AC01AE01AF01AF01B101B201B301B3017E
:10C93000B501B501B701B801B801BA01BB01BC012D
:10C94000BC01BE01F701C001C101C201C301C401A4
:10C95000C501C401C701C801C701CA01CB01CA0191
:10C96000CD011001DD0101008E01DE011201F30194
:10C970000300F101F401F401F8012801220212017F
:10C980003A020900652C3B023B023D02662C3F0245
:10C9900040024102410246020A0153024000810165
:10C9A0008601550289018A0158028F015A029001BD
:10C9B0005C025D025E025F02930161026202940109
:10C9C0006402650266026702970196016A02622CA0
:10C9D0006C026D026E029C01700271029D01730275
:10C9E00074029F0176027702780279027A027B0252
:10C9F0007C02642C7E027F02A60181028202A901D0
:10CA00008402850286028702AE014402B101B201AE
:10CA100045028D028E028F0290029102B7017B03C4
:10CA20000300FD03FE03FF03AC0304008603880339
:10CA300089038A03B1031103C2030200A303A30302
:10CA4000C4030803CC0303008C038E038F03D803B5
:10CA50001801F2030A00F903F303F403F503F603E4
:10CA6000F703F703F903FA03FA0330042003500431
:10CA70001007600422018A043601C1040E01CF04AC
:10CA80000100C004D0044401610526040000000038
:10CA9000C700FC00E900E200E400E000E500E70078
:10CAA000EA00EB00E800EF00EE00EC00C400C50077
:10CAB000C900E600C600F400F600F200FB00F90031
:10CAC000FF00D600DC00F800A300D800D7009201D8
:10CAD000E100ED00F300FA00F100D100AA00BA0075
:10CAE000BF00AE00AC00BD00BC00A100AB00BB00AD
:10CAF00091259225932502252425C100C200C0005E
:10CB0000A9006325512557255D25A200A500102504
:10CB1000142534252C251C2500253C25E300C300C5
:10CB20005A25542569256625602550256C25A400C5
:10CB3000F000D000CA00CB00C8003101CD00CE000B
:10CB4000CF0018250C2588258425A600CC0080253B
:10CB5000D300DF00D400D200F500D500B500FE0000
:10CB6000DE00DA00DB00D900FD00DD00AF00B4001C
:10CB7000AD00B1001720BE00B600A700F700B80056
:10CB8000B000A800B700B900B300B200A025A00013
:10CB900010000240080002400008024000000B00A4
:10CBA00028000240080002400408024006010C0070
:10CBB00040000240080002400808024010020D0038
:10CBC00058000240080002400C08024016030E0004
:10CBD000700002400C0002401008024000040F00E8
:10CBE000880002400C0002401408024006051000B4
:10CBF000A00002400C00024018080240100611007C
:10CC0000B80002400C0002401C08024016072F002A
:10CC100010040240080402402008024000083800C6
:10CC20002804024008040240240802400609390092
:10CC3000400402400804024028080240100A3A005A
:10CC400058040240080402402C080240160B3B0026
:10CC5000700402400C04024030080240000C3C000A
:10CC6000880402400C04024034080240060D4400CF
:10CC7000A00402400C04024038080240100E450097
:10CC8000B80402400C0402403C080240160F460063
:10CC90000100000000000000000000007DA200086C
:10CCA00081A20008B18C0008ED8F0008458C0008B7
:10CCB0006D8C0008958C00082D8C00080000000089
:10CCC000F5900008E19000081D9100080991000806
:10CCD0001591000801910008ED900008D990000816
:10CCE0002991000801000000000000000000000081
:10CCF00036C600080000000000000000806400202C
:10CD0000B06600200000802A00020000AAAAAAAA99
:10CD100000000024FFFF00000000000000A00A0047
:10CD2000000200A000000000AAAAAAAA0001005068
:10CD3000FFFF00000000090000000099000000064D
:10CD400000000000AAAAAAAA00000001FFFF00003C
:10CD500000000000000008002AA00A0000000000F7
:10CD6000AAAAAAAA10400500FFFF0000990800BB6C
:10CD7000770000004014020028000000AAAAAAAA16
:10CD800000000100FFFF000000000000070000009D
:10CD90000020000100000000AAAAAAAA00100000BA
:10CDA000FFEF0000000000070000000000418000CD
:10CDB00000000000AAAAAAAA00404000EFFF00005D
:10CDC0000000000000A0000000040040000000007F
:10CDD000AAAAAAAA00040040FFFF00000000000069
:10CDE000000000000001150000000000AAAAAAAA85
:10CDF00000011500FFFF000000000000000000001F
:10CE00000000000000000000AAAAAAAA000000007A
:10CE1000FFFF000000000000000000000000000014
:10CE200000000000AAAAAAAA00000000FFFF00005C
:10CE30000000000000000000148400200101020036
:10CE400079A3000889A2000825A3000809A3000807
:10CE50000300000000000000CD9300080000000067
:10CE600010000000306700200000000001000000FA
:10CE700000000000020000000000000019930008FC
:10CE80008593000840004000506700204067002064
:10CE90000200000000000000040309044300000039
:10CEA000A4CE000809024300020100C032090400B8
:10CEB0000001020201000524001001052401000107
:10CEC000042402020524060001070582030800FF6E
:10CED00009040100020A00000007050102400000E9
:10CEE000070581024000000012000000F0CE00089B
:10CEF0001201100102000040091241570002010214
:10CF0000030100000001002000FF010002000000FA
:10CF100000000030000004000800000000000024B1
:10CF200000000800040000000004000000FC0000F5
:10CF30000200000000000430008000000800000033
:10CF40000000003800000100010000001F1C1F1E2F
:10CF50001F1E1F1F1E1F1E1F1F1D1F1E1F1E1F1FE8
:10CF60001E1F1E1F0001000000100000080000002E
:10CF700080000000400100000800000000000000E8
:10CF800029950008E19700088D98000840004000AE
:10CF90006883002068830020010000006083002077
:10CFA0006D61696E002C0438040438080C10141CE0
:10CFB0002024252600000000000064040100040075
:0CCFC00000000000000C001028303400BD
:08CFCC00AC34FF7F01000000FE
:10CFD800800500000000000000001E0000000000A6
:10CFE800FE2A0100D2040000FF000000000000003B
:10CFF80071C50008830400007CC5000850040000C7
:10D008008AC500080100000000000000009600002A
:10D01800000008000400000098CE0008000000008E
:10D0280000000000000000000000000000000000F8
:0CD038000000000000960000000008004E
:04000005080002F1FC
:00000001FF
